epoch,lr,lr_end,train_loss,ce,jsd,clean_loss,clean_top1,clean_top5,train_seconds,val_seconds,allocated_GiB,reserved_GiB,amp_scale,skipped_updates,forward_dtype,order_sha256,best_top1,is_best,epoch_seconds
1,0.1,0.09997532826500641,3.911957593536377,3.911957593536377,0.0,3.57725205078125,85.89,60.27,36.07206619999488,2.3707067999930587,0.7275304794311523,0.783203125,1.0,0,torch.float32,cda32ae132628f9342406416b5554dfb704b49f840a5dd3ba80187855b0506dd,85.89,True,38.81838149999385
2,0.09997532826500641,0.09990133740804936,3.159217925643921,3.159217925643921,0.0,2.880976708984375,73.89,41.86,36.00848429999314,2.337271399999736,0.7275304794311523,1.8125,1.0,0,torch.float32,0ddd4e730a19a2873b736d32a9b2722504cb3429389aadb330962bf3213d1279,73.89,True,38.73215870000422
3,0.09990133740804936,0.09977810044917171,2.619778188934326,2.619778188934326,0.0,2.514938525390625,66.39999999999999,32.50999999999999,35.80228229999193,2.3526918000134174,0.7275304794311523,1.8125,1.0,0,torch.float32,ebfb9c667a2f393e3b64aeb022398281adf913514c6c037b95fcc4ed06a8f0b3,66.39999999999999,True,38.542064100009156
4,0.09977810044917171,0.09960573900837325,2.2632899775695803,2.2632899775695803,0.0,2.5313719482421875,64.46000000000001,31.910000000000004,35.86395459997584,2.3436979000107385,0.7275304794311523,1.8125,1.0,0,torch.float32,bb95f959a6b46d34c260a189e6ca370dbe538ceee6908e11dcb14e68a6c37263,64.46000000000001,True,38.59088879998308
5,0.09960573900837325,0.0993844231855866,2.0407505001831057,2.0407505001831057,0.0,2.1352735595703125,57.36,24.419999999999998,35.84810329999891,2.326146900013555,0.7275304794311523,1.8125,1.0,0,torch.float32,5d0e137e20269a0ad16b90ace473525f9bb2dca289694249641638f3f24ebc8a,57.36,True,38.55521059999592
6,0.0993844231855866,0.09911437139280908,1.8762682330703735,1.8762682330703735,0.0,2.2999060791015626,59.309999999999995,26.5,35.89735149999615,2.3282908000110183,0.7275304794311523,1.8125,1.0,0,torch.float32,fe7a962f5b17929dcf33f67635ed792e6e557a041df5725d790d838bed3fb97b,57.36,False,38.55282109999098
7,0.09911437139280908,0.09879585013855641,1.7683267520141601,1.7683267520141601,0.0,2.1063037353515623,55.370000000000005,23.319999999999997,35.913704000005964,2.406748100009281,0.7275304794311523,1.8125,1.0,0,torch.float32,8cb892ee63c731bb39653125b099d63f693db160d893c30d9e37b3050573153b,55.370000000000005,True,38.70352870001807
8,0.09879585013855641,0.098429173764851,1.6793164123153685,1.6793164123153685,0.0,2.336141455078125,58.98,25.949999999999996,35.70864850000362,2.327184199995827,0.7275304794311523,1.8125,1.0,0,torch.float32,8e6dde24259fba94f90f39b2b8691dd53441bbf7f6fd10879e7fc81a10c6eff8,55.370000000000005,False,38.36738229999901
9,0.098429173764851,0.09801470413700432,1.6147052075195312,1.6147052075195312,0.0,1.8779135375976563,51.1,19.889999999999997,35.714624699990964,2.3272050000086892,0.7275304794311523,1.8125,1.0,0,torch.float32,7405449b23e516393f9b6baee74c8036317bab1169cf4366e4953046dfe49dc4,51.1,True,38.421927399991546
10,0.09801470413700432,0.09755285028649954,1.5542821366119384,1.5542821366119384,0.0,1.9777147827148438,52.77,20.920000000000005,35.99539180001011,2.3361588999978267,0.7275304794311523,1.8125,1.0,0,torch.float32,234260a31a5cf7446e5c921a34ee6e051dc6584b650b5f2280480c7d7cae46fb,51.1,False,38.656175599986454
11,0.09755285028649954,0.0970440680073268,1.505127192993164,1.505127192993164,0.0,1.9313103759765624,51.519999999999996,19.16,35.86539379999158,2.327440699998988,0.7275304794311523,1.8125,1.0,0,torch.float32,99c45e34b691f6a3ca44032bd7e05c292f52e79f094ba368ed8ed556f1b8f10e,51.1,False,38.51874279999174
12,0.0970440680073268,0.09648885940616964,1.4698350973892211,1.4698350973892211,0.0,1.8800854614257811,50.18,20.199999999999996,35.64510979998158,2.33466990001034,0.7275304794311523,1.8125,1.0,0,torch.float32,a296f6739cf2c6c630f0fd2ea1f0e27c4c78368652f5c3fe2e475e4bf55b4f62,50.18,True,38.38727410000865
13,0.09648885940616964,0.09588777240688622,1.4317252364349364,1.4317252364349364,0.0,2.303101171875,56.91,25.509999999999998,35.83533420000458,2.328058200015221,0.7275304794311523,1.8125,1.0,0,torch.float32,4e2299941ef503514c7f57149d19ac0ecf35c58bbdba1acf95d8ddd5604fb752,50.18,False,38.489560100017115
14,0.09588777240688622,0.09524140020977474,1.3987354438781738,1.3987354438781738,0.0,1.7551906372070312,48.19,17.769999999999996,35.65640489998623,2.3355543999932706,0.7275304794311523,1.8125,1.0,0,torch.float32,7929dc626161a6844fc3f5d31488727cb08a53606c1eca75122eacd325a02300,48.19,True,38.37654550001025
15,0.09524140020977474,0.09455038070615629,1.3675039539337157,1.3675039539337157,0.0,1.8050927001953125,47.01,17.290000000000006,35.84012380000786,2.34569499999634,0.7275304794311523,1.8125,1.0,0,torch.float32,9a88755759a2fde12bb055d7e447e1443718399d14623170da6a14ad97fe3957,47.01,True,38.58092770000803
16,0.09455038070615629,0.09381539584885316,1.352921099433899,1.352921099433899,0.0,1.7753787475585938,47.07,17.979999999999997,35.773363899992546,2.337499899993418,0.7275304794311523,1.8125,1.0,0,torch.float32,74eb97f763b42e04d304080c641fac826b8abbcc186a0801a22b63c38d7b95a9,47.01,False,38.437532999989344
17,0.09381539584885316,0.09303717097918368,1.3155736210250855,1.3155736210250855,0.0,1.6745259399414063,44.85,16.700000000000003,35.75319419999141,2.331157999986317,0.7275304794311523,1.8125,1.0,0,torch.float32,a8d3bec54f1549cc364ee97fb21a46151e990c0fa6ac23f487ae868c0385f633,44.85,True,38.46917709999252
18,0.09303717097918368,0.09221647411113801,1.2965356869125366,1.2965356869125366,0.0,1.842986376953125,48.9,18.679999999999996,35.76339619999635,2.337139700015541,0.7275304794311523,1.8125,1.0,0,torch.float32,849f656bb69b7112506946bf6600d227ca533547708e72b5fe0fe3e81ba54493,44.85,False,38.428624899999704
19,0.09221647411113801,0.09135411517344096,1.2831861110687255,1.2831861110687255,0.0,1.9456138549804687,50.46999999999999,19.540000000000003,35.85350329999346,2.346057300019311,0.7275304794311523,1.8125,1.0,0,torch.float32,cbaf80f5cb48dd2f7aed51e13817931ab91229327c3de6ba8e53153590ac7cba,44.85,False,38.52714449999621
20,0.09135411517344096,0.0904509452102502,1.2607617469787598,1.2607617469787598,0.0,1.7900747436523436,46.61,17.23,35.634760799992364,2.3266403999878094,0.7275304794311523,1.8125,1.0,0,torch.float32,8742290c7c9246bb0c81d830883f98e02b72e71bad709d695eba576f4bb9b6c2,44.85,False,38.28871570000774
21,0.0904509452102502,0.08950785554127834,1.2481782902526855,1.2481782902526855,0.0,1.6166594482421874,44.11000000000001,15.039999999999997,35.93541639999603,2.348337800009176,0.7275304794311523,1.8125,1.0,0,torch.float32,bc3b67b2f603183d300e3cff7f330109c1329e3fb7ecdfbb3ed792adc2655480,44.11000000000001,True,38.67016370000783
22,0.08950785554127834,0.08852577688216808,1.2238817643737794,1.2238817643737794,0.0,1.9768954833984376,51.65,20.58,35.77859190001618,2.3348115000117105,0.7275304794311523,1.8125,1.0,0,torch.float32,531c52aeff2c9353b452315cc15c676585f2da5f138a11e014c2bc21f3706125,44.11000000000001,False,38.43911960002151
23,0.08852577688216808,0.08750567842598816,1.2167774952697754,1.2167774952697754,0.0,1.7270335083007813,46.160000000000004,16.95,35.66250099998433,2.3774042000004556,0.7275304794311523,1.8125,1.0,0,torch.float32,ff110b005cdc0e171047c22825102bb4656b65c026ea8eea8d6ad7e2a625a989,44.11000000000001,False,38.36810299998615
24,0.08750567842598816,0.08644856688675687,1.2021736275482178,1.2021736275482178,0.0,1.5808687744140626,43.05,14.529999999999998,35.88473670001258,2.3368328000069596,0.7275304794311523,1.8125,1.0,0,torch.float32,7176e2140c56972eab9089df87db1283c0a8803981bdd43340cb22a887b0c73a,43.05,True,38.609166300011566
25,0.08644856688675687,0.08535548550593679,1.1863006160736085,1.1863006160736085,0.0,1.9308592895507812,49.51,18.889999999999997,35.81236969999736,2.3328600999957416,0.7275304794311523,1.8125,1.0,0,torch.float32,174e530e4f36223e303e81483624ef35af0cfb1e8a101f5019220d206d902320,43.05,False,38.473449500015704
26,0.08535548550593679,0.08422751302288148,1.1769340427017212,1.1769340427017212,0.0,1.752055322265625,45.45,16.73,35.843542799993884,2.341552400001092,0.7275304794311523,1.8125,1.0,0,torch.float32,e105b8f4c4a5448ba726a1823615da4d8d64fd81b0eab2c3b5d6887ad97a9b09,43.05,False,38.51297239999985
27,0.08422751302288148,0.08306576261024994,1.1593928449630737,1.1593928449630737,0.0,1.6436912109375,44.13,15.21,35.86618870001985,2.400357199978316,0.7275304794311523,1.8125,1.0,0,torch.float32,4911e0e0c4a048cd3004416f4116926756cf6ed1a471ebcdc6faf5cb0b247ab9,43.05,False,38.60250880001695
28,0.08306576261024994,0.08187138077543962,1.1386948134231567,1.1386948134231567,0.0,1.7950518432617188,45.56,17.84,36.27739490001113,2.332565499993507,0.7275304794311523,1.8125,1.0,0,torch.float32,4c597a8d73cc0f5f679c10b0d6104486cfdca1f78cc0d26e7d1708ef372d4c55,43.05,False,38.93837930000154
29,0.08187138077543962,0.08064554622912201,1.127542165374756,1.127542165374756,0.0,1.619433642578125,43.230000000000004,14.859999999999996,37.558523699990474,2.354432199994335,0.7275304794311523,1.8125,1.0,0,torch.float32,b4f377e22ed495c23128f2d8ac22250c6932ed2a3940aa75c88b61e156aa3a4a,43.05,False,40.305787799996324
30,0.08064554622912201,0.07938946872199752,1.110766367149353,1.110766367149353,0.0,1.6268477416992186,42.769999999999996,14.349999999999996,35.8306983000075,2.3565262999909464,0.7275304794311523,1.8125,1.0,0,torch.float32,05cc75d20e2f4738122579d38eec47a4d74997a3c281a806fdd6d27fe8cf4eff,42.769999999999996,True,38.585166200005915
31,0.07938946872199752,0.07810438785091761,1.1030398803520203,1.1030398803520203,0.0,1.598941845703125,42.94,14.780000000000005,35.821489199995995,2.3159880000166595,0.7275304794311523,1.8125,1.0,0,torch.float32,277e8ac1934a8ac0ce548685b2521ca676596e4d61ce250f509b7fc0053c8dcd,42.769999999999996,False,38.46110789998784
32,0.07810438785091761,0.07679157183555235,1.0885493915557862,1.0885493915557862,0.0,1.8045717041015625,45.39,17.589999999999996,35.82996000000276,2.329303100006655,0.7275304794311523,1.8125,1.0,0,torch.float32,838c455465f032f48549c4b0a1da9fbfc825eb4d1cc02692d895e4ac17a21b14,42.769999999999996,False,38.483215200016275
33,0.07679157183555235,0.0754523162668107,1.078799873981476,1.078799873981476,0.0,1.8777066040039063,47.260000000000005,17.520000000000003,35.70793209999101,2.3342961000162177,0.7275304794311523,1.8125,1.0,0,torch.float32,b17cb3884d970da93cdf199fd91ab7b395938a3dfd4aec9a227c69971853b754,42.769999999999996,False,38.36863879999146
34,0.0754523162668107,0.07408794282824871,1.0657395301437378,1.0657395301437378,0.0,1.5776943115234374,42.190000000000005,14.100000000000001,35.836526300001424,2.349894499988295,0.7275304794311523,1.8125,1.0,0,torch.float32,75b40a8c1fbd49953e032f0efe34fcd48b4e94b876c1d9084f8b29e1187826b0,42.190000000000005,True,38.57119970000349
35,0.07408794282824871,0.07269979799172747,1.0556613926887513,1.0556613926887513,0.0,1.5849285034179688,42.16,14.370000000000005,35.92171500000404,2.305082600010792,0.7275304794311523,1.8125,1.0,0,torch.float32,a58b220f63c6a8fa860c06dd61b9fb337d471296a630f3101174967812ee3d65,42.16,True,38.606074600014836
36,0.07269979799172747,0.07128925168860785,1.03362917678833,1.03362917678833,0.0,1.55384921875,41.75,13.870000000000005,35.77907910000067,2.335732999985339,0.7275304794311523,1.8125,1.0,0,torch.float32,6aa09515c6d0bc0e35e198efef4badbb3cdbce65bbd743952f30755582184272,41.75,True,38.50304729997879
37,0.07128925168860785,0.06985769595779372,1.0359352286529542,1.0359352286529542,0.0,1.6065312866210937,42.00000000000001,13.939999999999998,35.828409800014924,2.385447299981024,0.7275304794311523,1.8125,1.0,0,torch.float32,a67768636f9807edd7c70330339b6d8327fedcb7a6b7bf412459ca7f2197ece6,41.75,False,38.538731400010874
38,0.06985769595779372,0.06840654357195756,1.0108855136871338,1.0108855136871338,0.0,1.514333203125,40.900000000000006,12.919999999999998,35.76631920001819,2.3357422000262886,0.7275304794311523,1.8125,1.0,0,torch.float32,29c58df2c30d3bec86414c4f0aed226c77b6059fa8a6800cb0a5af2d5fe8aea0,40.900000000000006,True,38.48410390000208
39,0.06840654357195756,0.06693722664330447,1.001791923980713,1.001791923980713,0.0,1.917542822265625,47.72,18.630000000000003,35.861329100007424,2.3344591000059154,0.7275304794311523,1.8125,1.0,0,torch.float32,b1020678d41e57afb02fb786aae9bfe15b6c6c3875241d96b24c689e765cd18a,40.900000000000006,False,38.52380689998972
40,0.06693722664330447,0.06545119521025018,0.9897522090148926,0.9897522090148926,0.0,1.3474090209960938,36.9,10.670000000000002,35.85510270000668,2.3426229000033345,0.7275304794311523,1.8125,1.0,0,torch.float32,1d0d361ca4abbf8f2b82a10c6c85d22dff03d26053b70ea4038896f8f7e51fe2,36.9,True,38.584999499988044
41,0.06545119521025018,0.06394991580640845,0.9725965209960937,0.9725965209960937,0.0,1.3898230102539062,38.49,11.409999999999998,35.7769849000033,2.3362666000030003,0.7275304794311523,1.8125,1.0,0,torch.float32,e0caf6fbe2a4bb9665c3e544d1f66b3e391900c46e82194efbf73701ce5d6a18,36.9,False,38.44033300000592
42,0.06394991580640845,0.06243487001329917,0.9537681439208985,0.9537681439208985,0.0,1.5147164428710937,40.52,13.0,35.72987770001055,2.3360181000025477,0.7275304794311523,1.8125,1.0,0,torch.float32,e170b8f7f50665a2a36a11f227c20349732773953b0f5e467aad3b4d9eff06d0,36.9,False,38.39480579999508
43,0.06243487001329917,0.06090755299820644,0.940858803730011,0.940858803730011,0.0,1.544786669921875,40.400000000000006,13.439999999999996,35.87073299998883,2.333488899981603,0.7275304794311523,1.8125,1.0,0,torch.float32,62ffd783a9fdc225328969a833abb3aa274f87b4688a704742d9f9a0eb489e61,36.9,False,38.529979000013554
44,0.06090755299820644,0.05936947203862895,0.922987696723938,0.922987696723938,0.0,1.40230048828125,37.99,11.660000000000004,35.86854180000955,2.337232199992286,0.7275304794311523,1.8125,1.0,0,torch.float32,2f7f841829387571d83fe911925d2aef7f79a7c4894014959f0a9bdf79bc7a00,36.9,False,38.53271100000711
45,0.05936947203862895,0.05782214503477903,0.9123184202575684,0.9123184202575684,0.0,1.4977136108398437,39.68000000000001,12.970000000000004,35.9229706999904,2.3290587999799754,0.7275304794311523,1.8125,1.0,0,torch.float32,90b831e42f74d3bacabc85b8410f7a35e4ad0269eac2aa72eb65aa4aebdbf043,36.9,False,38.5775144000072
46,0.05782214503477903,0.05626709901159843,0.8986104396438599,0.8986104396438599,0.0,1.5240477172851563,39.83,13.129999999999997,35.799173700012034,2.3100233000004664,0.7275304794311523,1.8125,1.0,0,torch.float32,48e306b627858d34a1c9bc98b44263a2ac03d5a0bbeb5159326aacbca797b7ae,36.9,False,38.43950810001115
47,0.05626709901159843,0.05470586861176907,0.8779720469284058,0.8779720469284058,0.0,1.4115340209960938,38.01,11.650000000000006,35.70133360000909,2.3342346000135876,0.7275304794311523,1.8125,1.0,0,torch.float32,612e382cfcccfcf25e62d7b260e7c1b11c0185bafcfe1cb56472f89a4aa446f9,36.9,False,38.3660389999859
48,0.05470586861176907,0.05313999458120591,0.8656643579101563,0.8656643579101563,0.0,1.5139696899414063,39.17,12.239999999999995,35.65356050000992,2.3460774999985006,0.7275304794311523,1.8125,1.0,0,torch.float32,c5b36171cdf708df2f99876616ffb6d6300f1fd23a195d21c206faed03510280,36.9,False,38.32687769999029
49,0.05313999458120591,0.05157102224852688,0.8461755401802064,0.8461755401802064,0.0,1.5191590576171874,40.459999999999994,12.839999999999996,35.92669059999753,2.3358798999979626,0.7275304794311523,1.8125,1.0,0,torch.float32,ab93ac2fb335edffc5b1ca6c655c03dda0126b2c7158844e33580fc76b7b5684,36.9,False,38.58819200002472
50,0.05157102224852688,0.0500005,0.8305966001319885,0.8305966001319885,0.0,1.424063232421875,38.11,12.629999999999997,35.78651569999056,2.332609600009164,0.7275304794311523,1.8125,1.0,0,torch.float32,a103f692fa9477893f0325bf4a6b3ca585db53a85c5fbd291f3469158bb19973,36.9,False,38.45265190000646
51,0.0500005,0.04842997775147313,0.8196149933052063,0.8196149933052063,0.0,1.356747314453125,37.4,11.099999999999998,35.66370370000368,2.330378400016343,0.7275304794311523,1.8125,1.0,0,torch.float32,570bc65f0142c671b41399a81813e81a9172351bcf1a0ab3be17bcd528526be1,36.9,False,38.32086080001318
52,0.04842997775147313,0.0468610054187941,0.8017469891357422,0.8017469891357422,0.0,1.4004088745117187,36.370000000000005,11.539999999999996,35.76891449998948,2.335722799994983,0.7275304794311523,1.8125,1.0,0,torch.float32,1bd05dfcdfc5f45a7785c0a85cb2c72d7519f36b9f87feeec4f554164f422aa4,36.370000000000005,True,38.48697009999887
53,0.0468610054187941,0.04529513138823095,0.7795350728988647,0.7795350728988647,0.0,1.4719200805664063,38.44,12.319999999999997,35.80319740000414,2.3752264000067953,0.7275304794311523,1.8125,1.0,0,torch.float32,7fd29e23ea9cde7ae2fa4b737bb9970ecc2517b9909c0750a1846cb49fe03fba,36.370000000000005,False,38.5148038000043
54,0.04529513138823095,0.04373390098840157,0.759906314125061,0.759906314125061,0.0,1.3206435302734374,36.01,10.970000000000002,35.87614380000741,2.336213000002317,0.7275304794311523,1.8125,1.0,0,torch.float32,3c91eb54ef9742ff1c2ec2a73ffc3bda996d3f8a3482e0a2f404030179139f8b,36.01,True,38.598628200008534
55,0.04373390098840157,0.042178854965220974,0.7431228824996948,0.7431228824996948,0.0,1.3894139770507812,36.73,11.280000000000001,35.71161630001734,2.3342157999868505,0.7275304794311523,1.8125,1.0,0,torch.float32,688cc0c8ae230101eb5e47192d4b8097f4289c48177998a87abac6e60b67c58a,36.01,False,38.373993000015616
56,0.042178854965220974,0.04063152796137106,0.7250613534736633,0.7250613534736633,0.0,1.34748173828125,35.69,10.7,35.7073812999879,2.3466093000024557,0.7275304794311523,1.8125,1.0,0,torch.float32,16b273287614529c5084e06cfd24d192fa27794dcee42700e34ae5751583f25d,35.69,True,38.436282699985895
57,0.04063152796137106,0.03909344700179359,0.7053746058273316,0.7053746058273316,0.0,1.3917864990234374,36.6,11.050000000000004,35.77244959998643,2.3320574999961536,0.7275304794311523,1.8125,1.0,0,torch.float32,7ccd140749c3cb36705af48f3a4f8f7e336b2f963916f0153fbbe9ab5c610180,35.69,False,38.43142079998506
58,0.03909344700179359,0.03756612998670086,0.6929657186889648,0.6929657186889648,0.0,1.4411524169921874,36.86000000000001,12.39,35.86730220000027,2.324764899996808,0.7275304794311523,1.8125,1.0,0,torch.float32,fb29a3a46b1277ce69cfe671fa4fb7411250a90a133a6db3262ff8246b513219,35.69,False,38.52145649999147
59,0.03756612998670086,0.036051084193591564,0.6645262586212158,0.6645262586212158,0.0,1.271902685546875,33.8,9.930000000000005,35.88515779998852,2.3409954000089783,0.7275304794311523,1.8125,1.0,0,torch.float32,3080bee3eb820fe1cdf99d8349aec9eeb66ca86f6886e97f331a8054236c2a92,33.8,True,38.619425699987914
60,0.036051084193591564,0.034549804789749824,0.647287744178772,0.647287744178772,0.0,1.3024497924804688,34.53000000000001,10.909999999999997,35.813462599995546,2.3374729999923147,0.7275304794311523,1.8125,1.0,0,torch.float32,b6c948284484f407267f17f9da9be53195ad486ee7e14dade24c7a483cf9aa99,33.8,False,38.475556299992604
61,0.034549804789749824,0.03306377335669556,0.6236189204216004,0.6236189204216004,0.0,1.3448037963867188,34.919999999999995,10.709999999999997,35.82434619998094,2.3261410999984946,0.7275304794311523,1.8125,1.0,0,torch.float32,5f1989a19285e9ce617cbea2b2e98ea32183ed86aa60796c3dffbceefe326260,33.8,False,38.47993019997375
62,0.03306377335669556,0.03159445642804245,0.6098850838470459,0.6098850838470459,0.0,1.3589580810546875,34.699999999999996,10.340000000000005,35.942961799999466,2.3338212999806274,0.7275304794311523,1.8125,1.0,0,torch.float32,0e08367e62c6c793c7ba08584522f6acac1c831fcf36163ad985bc8ebe54506a,33.8,False,38.608213200001046
63,0.03159445642804245,0.030143304042206293,0.5802272700500488,0.5802272700500488,0.0,1.2934726196289061,33.52,9.799999999999997,35.868863799987594,2.3260754000220913,0.7275304794311523,1.8125,1.0,0,torch.float32,603f3430840ed03b9177328bab2f0e0bf3d40f1f102103e7206bc174ddbcf76f,33.52,True,38.578566499985754
64,0.030143304042206293,0.028711748311392157,0.5632000240898132,0.5632000240898132,0.0,1.425693896484375,35.42999999999999,11.040000000000006,35.78459290001774,2.3253925000026356,0.7275304794311523,1.8125,1.0,0,torch.float32,44e2a91d99580733910b7ae5463d2e814618d2f4ac885edc2bb3fe0e3004ae8a,33.52,False,38.437046000006376
65,0.028711748311392157,0.027301202008272536,0.5440779396247863,0.5440779396247863,0.0,1.3955862548828124,34.99,10.519999999999996,35.88786909999908,2.373840999993263,0.7275304794311523,1.8125,1.0,0,torch.float32,4e473bf17387e9f7cda5de4f349ea317c49c3308ad845eeaa248e02eb819718d,33.52,False,38.58866479998687
66,0.027301202008272536,0.025913057171751283,0.5190069110488892,0.5190069110488892,0.0,1.2431247436523438,31.979999999999997,9.299999999999997,35.78393559998949,2.328274600004079,0.7275304794311523,1.8125,1.0,0,torch.float32,c213ec359f2cec2aaad74b1ecde5d4b367bd9ad38430d6302074d2997cb1de1c,31.979999999999997,True,38.50752439998905
67,0.025913057171751283,0.024548683733189313,0.48710153732299805,0.48710153732299805,0.0,1.242274169921875,31.710000000000004,9.689999999999998,35.82942019999609,2.3066849000169896,0.7275304794311523,1.8125,1.0,0,torch.float32,891742e5400f665613978eb6c033ac672576ef88dc92be6a6d55024d0f3cb076,31.710000000000004,True,38.51891230000183
68,0.024548683733189313,0.02320942816444765,0.45851447246551513,0.45851447246551513,0.0,1.3895302978515625,33.56,10.109999999999996,35.90529210001114,2.345448000007309,0.7275304794311523,1.8125,1.0,0,torch.float32,0ee6f6f9ff73bb7b7f8076e66ce1826afd6424c3c9c5fc2aedeae0beea24d461,31.710000000000004,False,38.59203520001029
69,0.02320942816444765,0.02189661214908241,0.4455883507347107,0.4455883507347107,0.0,1.2102029541015624,31.25,8.999999999999996,36.00144960000762,2.34407699998701,0.7275304794311523,1.8125,1.0,0,torch.float32,f44ae689cd9dd50220337b0b25a885576445fe45d605517454a73806d7c55a15,31.25,True,38.73447779999697
70,0.02189661214908241,0.0206115312780025,0.41822593828201293,0.41822593828201293,0.0,1.301765234375,32.66,9.399999999999997,35.86530790000688,2.326672700000927,0.7275304794311523,1.8125,1.0,0,torch.float32,065a199c0ccbe838b3eaf63bbb7328b2be0d54bc6cfe8bae22e51edc58adab35,31.25,False,38.516383699985454
71,0.0206115312780025,0.019355453770878016,0.3936678966331482,0.3936678966331482,0.0,1.2800956665039063,31.47,9.750000000000004,35.85884979998809,2.314697399997385,0.7275304794311523,1.8125,1.0,0,torch.float32,5d2044b4f7adaa5fe100cc3fbe95dc51105bce2adaa113cca4f08b280ec55e4d,31.25,False,38.498227300005965
72,0.019355453770878016,0.01812961922456039,0.3704920280838013,0.3704920280838013,0.0,1.339954345703125,32.38999999999999,9.950000000000003,35.85692510000081,2.3307365000073332,0.7275304794311523,1.8125,1.0,0,torch.float32,2affcb7d5e332d9c9b808efeee3060dcb1a9423c9580f38ba619c488c6d08585,31.25,False,38.51479240000481
73,0.01812961922456039,0.016935237389750078,0.33914496536254884,0.33914496536254884,0.0,1.314203466796875,31.53,9.27,35.86910459998762,2.3595156999945175,0.7275304794311523,1.8125,1.0,0,torch.float32,cfea9441fadccfa5c4d996d2e0fe2449c0520247b16eb53c90338cf2ad8052b1,31.25,False,38.55785779998405
74,0.016935237389750078,0.01577348697711853,0.316054369134903,0.316054369134903,0.0,1.1829848266601561,29.51,8.250000000000002,35.90641100000357,2.335422199976165,0.7275304794311523,1.8125,1.0,0,torch.float32,f64e1fb9448cfb410c89d2af7ba7e33b934ffc028d50a86f95a5f32a0a181580,29.51,True,38.633444599981885
75,0.01577348697711853,0.014645514494063223,0.2910081869029999,0.2910081869029999,0.0,1.2084387084960937,29.849999999999998,8.240000000000002,35.77530909999041,2.3164261000056285,0.7275304794311523,1.8125,1.0,0,torch.float32,b904a4de2956e390d1895a5a6b6d7aa93af452038947c617e70966509493b1a4,29.51,False,38.41883449998568
76,0.014645514494063223,0.013552433113243147,0.2645835670089722,0.2645835670089722,0.0,1.2348573364257813,29.720000000000002,8.909999999999997,35.90433260001009,2.3341876000049524,0.7275304794311523,1.8125,1.0,0,torch.float32,662cf060e306b080078faad90f0196d0f6171c8e9e264a6d58f013aee336fcd0,29.51,False,38.56525139999576
77,0.013552433113243147,0.012495321574011842,0.23767792316436767,0.23767792316436767,0.0,1.1767825256347657,28.779999999999994,7.740000000000002,35.837543400004506,2.343399999983376,0.7275304794311523,1.8125,1.0,0,torch.float32,edc256a8edf43cb0100fc899158b37c40406bdf30d5715576b7a09c5937ff786,28.779999999999994,True,38.56761860000552
78,0.012495321574011842,0.011475223117831931,0.20625366238594056,0.20625366238594056,0.0,1.2220222900390625,29.51,8.489999999999998,35.81598829998984,2.3267537000065204,0.7275304794311523,1.8125,1.0,0,torch.float32,8935ba996a08c64425882a275f7ff6002f3483a69e5e2ffd67cfeed3bb1791fb,28.779999999999994,False,38.471093400003156
79,0.011475223117831931,0.010493144458721668,0.18765813934326173,0.18765813934326173,0.0,1.215099560546875,28.090000000000003,8.109999999999996,35.81229979998898,2.346941199997673,0.7275304794311523,1.8125,1.0,0,torch.float32,49d4ca796c371dfdb4ead448de366071e41a82c5e6844ba82c65936a7b0af292,28.090000000000003,True,38.545470899989596
80,0.010493144458721668,0.009550054789749822,0.16522692426681518,0.16522692426681518,0.0,1.1788098876953126,27.939999999999998,8.030000000000005,35.810263999999734,2.32830880000256,0.7275304794311523,1.8125,1.0,0,torch.float32,ad33de35af9ec21565d9ec25978b6ca0363f94ebb4a81a278fcdd2e9811b1241,27.939999999999998,True,38.52341710001929
81,0.009550054789749822,0.00864688482655904,0.14323892951011657,0.14323892951011657,0.0,1.1953600952148438,27.04,7.699999999999996,35.83234259998426,2.3752252999984194,0.7275304794311523,1.8125,1.0,0,torch.float32,9b19f113eab9d7dc1aacc1b1e028e2df32c5757a9afc76ed554ec72139a1ac44,27.04,True,38.59343429998262
82,0.00864688482655904,0.007784525888862009,0.12374355933189392,0.12374355933189392,0.0,1.16229658203125,27.029999999999998,7.5600000000000005,35.77862130000722,2.3532148000085726,0.7275304794311523,1.8125,1.0,0,torch.float32,c22ffae493ba4792838b2f2d8dbd67eeabff780c5cda75c1b25e921edcd11794,27.029999999999998,True,38.52100539999083
83,0.007784525888862009,0.006963829020816326,0.10579424983024598,0.10579424983024598,0.0,1.1505528076171876,26.729999999999997,7.520000000000005,35.84446439999738,2.3316537000064272,0.7275304794311523,1.8125,1.0,0,torch.float32,563a72318b9b1055d301af8cba6663f44d7eb458a1a9d11579d5c1a55eb60400,26.729999999999997,True,38.56485180000891
84,0.006963829020816326,0.006185604151146849,0.09098448335170746,0.09098448335170746,0.0,1.1657499084472656,26.859999999999996,7.5699999999999985,35.79081859998405,2.3320514999795705,0.7275304794311523,1.8125,1.0,0,torch.float32,96f27b31e694c822137ee55d10442e8739146d7bfc07a320ec562399a1b71dc6,26.729999999999997,False,38.44868159998441
85,0.006185604151146849,0.005450619293843706,0.07662686118841171,0.07662686118841171,0.0,1.1280786743164062,25.449999999999996,7.330000000000004,35.8348435999942,2.3364838999987114,0.7275304794311523,1.8125,1.0,0,torch.float32,2601df8e2613e050fce6a2f29e759022e0a3daeb0292b92a2fe2bdc632ee187e,25.449999999999996,True,38.556319299997995
86,0.005450619293843706,0.004759599790225266,0.06279871141195298,0.06279871141195298,0.0,1.1237446228027343,25.28,7.269999999999999,35.87800930000958,2.3362698999990243,0.7275304794311523,1.8125,1.0,0,torch.float32,56c9f62404eaf8ba364b1f997ae01ad238d46acf78f347f35246cfa014d4b836,25.28,True,38.60117639999953
87,0.004759599790225266,0.004113227593113786,0.054528129529953,0.054528129529953,0.0,1.1199459106445313,25.09,7.020000000000004,35.81098550002207,2.3342631999985315,0.7275304794311523,1.8125,1.0,0,torch.float32,4fe244dc8855c0ec65d3bf7d1ae7b0b37e0d9de64f755fc23f68f0f732286eb6,25.09,True,38.53353720001178
88,0.004113227593113786,0.003512140593830377,0.04826196429014206,0.04826196429014206,0.0,1.1167261840820313,25.009999999999998,7.210000000000005,35.817262800002936,2.349229399987962,0.7275304794311523,1.8125,1.0,0,torch.float32,bac5d0214269f04dae9a648f706f6a46c6147b8eab00bf0754a08d394b9c5918,25.009999999999998,True,38.56725429999642
89,0.003512140593830377,0.002956931992673205,0.040566040728092195,0.040566040728092195,0.0,1.1234535888671875,25.19,7.06,35.76633289997699,2.3351439999823924,0.7275304794311523,1.8125,1.0,0,torch.float32,7c8e75eb38baec8dd74d865651344a6d9c29bf2a27fafcf3978b3acf55dbebbe,25.009999999999998,False,38.425696899998
90,0.002956931992673205,0.002448149713500471,0.03566733580112457,0.03566733580112457,0.0,1.1124638793945312,24.880000000000003,7.16,35.69896459998563,2.326530099991942,0.7275304794311523,1.8125,1.0,0,torch.float32,678cab1ddd33975912c864dde9a30b22c597a16a9210765243ebd023f900f20c,24.880000000000003,True,38.41130539998994
91,0.002448149713500471,0.0019862958629956857,0.03234041485786438,0.03234041485786438,0.0,1.1091407653808594,24.39,6.999999999999995,35.78044539998518,2.313332299992908,0.7275304794311523,1.8125,1.0,0,torch.float32,80b2df6924c886ce06706c5111069ee3169d61038bed15d380e6d2550fa2245f,24.39,True,38.48097369997413
92,0.0019862958629956857,0.0015718262351490106,0.031088731513023375,0.031088731513023375,0.0,1.1100445251464843,24.539999999999996,7.030000000000003,35.811132800008636,2.3559565999894403,0.7275304794311523,1.8125,1.0,0,torch.float32,1c2c869400853e48daea6c34a2ed5fe08b66c7db838d9c8d7475f627e84efc70,24.39,False,38.49692609999329
93,0.0015718262351490106,0.0012051498614435979,0.029757986726760863,0.029757986726760863,0.0,1.1110866455078126,24.519999999999996,7.050000000000001,35.89530810000724,2.366313700011233,0.7275304794311523,1.8125,1.0,0,torch.float32,351bcb58f46e70e85ce7506028ff2c2f3a2fcf89b10daf0b138bf486aaaf1c88,24.39,False,38.5909973999951
94,0.0012051498614435979,0.0008866286071909339,0.027450081074237822,0.027450081074237822,0.0,1.1083300903320312,24.490000000000002,7.040000000000002,35.79828270000871,2.3388022999861278,0.7275304794311523,1.8125,1.0,0,torch.float32,88f754462583f474e9a549c2445d69157fa30c4088baf9c1c4f2d0b781aab20b,24.39,False,38.46995189998415
95,0.0008866286071909339,0.0006165768144134146,0.025015451417565344,0.025015451417565344,0.0,1.1067092712402344,24.22,6.879999999999997,35.83347280000453,2.303118000010727,0.7275304794311523,1.8125,1.0,0,torch.float32,71e139b0b3ce636910d963837cf530448139859bf68e6aed09b872b36dae95a5,24.22,True,38.568838500010315
96,0.0006165768144134146,0.00039526099162676896,0.025303875538110733,0.025303875538110733,0.0,1.1067143310546874,24.409999999999997,6.940000000000001,35.88123759999871,2.324888400005875,0.7275304794311523,1.8125,1.0,0,torch.float32,b6045cd94175b68e7e5c37ad9f12eaacc0e25f6ffb4bb62607666bc69b42cb5b,24.22,False,38.53225210000528
97,0.00039526099162676896,0.00022289955082830173,0.024032947767972945,0.024032947767972945,0.0,1.1075298828125,24.429999999999996,6.969999999999999,35.840447499998845,2.3002028000191785,0.7275304794311523,1.8125,1.0,0,torch.float32,93a895f0aef44ae7ee02b0fc556b183ba6a9f48e95bb9398a30e51147f3c08d1,24.22,False,38.47256200000993
98,0.00022289955082830173,9.966259195063621e-05,0.02346052268385887,0.02346052268385887,0.0,1.10589638671875,24.429999999999996,6.950000000000001,35.933273200003896,2.3411371000111103,0.7275304794311523,1.8125,1.0,0,torch.float32,74268d02f9c69e04f5393dfdfdafb2cb9ef89a159d5b3d512378f76255be0665,24.22,False,38.60426550000557
99,9.966259195063621e-05,2.5671734993602868e-05,0.023094967249631882,0.023094967249631882,0.0,1.10729423828125,24.509999999999998,6.879999999999997,35.83751680000569,2.3445433999877423,0.7275304794311523,1.8125,1.0,0,torch.float32,14c26b11b71fc939fba1b3afab8eb2f5912a6a2193cc5240634c96d5a8fd1e03,24.22,False,38.50999310001498
100,2.5671734993602868e-05,1.0000000000000002e-06,0.02377237701058388,0.02377237701058388,0.0,1.1080062377929687,24.580000000000002,6.979999999999997,35.87277879999601,2.3345449999906123,0.7275304794311523,1.8125,1.0,0,torch.float32,5140e236363f6204879c477d6fdfbb69af83fc62d1fc229b5361796f9f53c916,24.22,False,38.53909289999865
