checkpoint,corruption,baseline,augmix,improvement_pp
last,gaussian_noise,80.17466666666667,53.19466666666667,26.979999999999997
last,shot_noise,72.45933333333333,45.144666666666666,27.314666666666668
last,impulse_noise,74.54466666666667,38.18,36.36466666666667
last,defocus_blur,40.89533333333333,25.631333333333334,15.264
last,glass_blur,78.792,50.83,27.962000000000003
last,motion_blur,47.938,28.837333333333333,19.10066666666667
last,zoom_blur,48.01133333333333,27.936,20.075333333333333
last,snow,47.446,34.59,12.855999999999995
last,frost,53.71666666666667,36.742,16.97466666666667
last,fog,38.013999999999996,32.775333333333336,5.23866666666666
last,brightness,28.720666666666666,26.051333333333332,2.6693333333333342
last,contrast,46.29533333333333,33.217999999999996,13.077333333333335
last,elastic_transform,42.757333333333335,32.67733333333333,10.080000000000005
last,pixelate,51.62533333333334,33.798,17.827333333333335
last,jpeg_compression,53.43533333333333,39.21866666666667,14.216666666666661
best,gaussian_noise,80.86333333333333,53.82666666666667,27.03666666666666
best,shot_noise,73.184,45.606,27.577999999999996
best,impulse_noise,75.13533333333334,38.47,36.665333333333336
best,defocus_blur,40.96933333333333,25.561333333333334,15.407999999999998
best,glass_blur,79.15733333333333,51.196666666666665,27.96066666666666
best,motion_blur,48.06666666666667,28.803333333333335,19.263333333333335
best,zoom_blur,47.949333333333335,27.904666666666667,20.044666666666668
best,snow,47.510666666666665,34.63,12.880666666666663
best,frost,53.986000000000004,37.083333333333336,16.90266666666667
best,fog,37.970666666666666,32.88666666666666,5.084000000000003
best,brightness,28.916,26.056,2.8599999999999994
best,contrast,46.580666666666666,33.565333333333335,13.01533333333333
best,elastic_transform,42.67933333333333,32.624,10.05533333333333
best,pixelate,51.95733333333333,33.996,17.96133333333333
best,jpeg_compression,53.858666666666664,39.281333333333336,14.577333333333328
