method,seed,checkpoint,epoch,corruption,severity,loss,top1_error,top5_error,n,seconds
baseline,0,best,95,gaussian_noise,1,3.760816455078125,59.25,32.48,10000,2.41899380000541
baseline,0,best,95,gaussian_noise,2,6.1949296875,76.85,53.03,10000,2.430118800024502
baseline,0,best,95,gaussian_noise,3,7.83508505859375,86.00999999999999,67.94,10000,2.405730800004676
baseline,0,best,95,gaussian_noise,4,8.42160458984375,89.38000000000001,73.58,10000,2.4198246999876574
baseline,0,best,95,gaussian_noise,5,8.88499560546875,91.05,77.59,10000,2.465180800005328
baseline,0,best,95,shot_noise,1,2.631314404296875,47.74,21.79,10000,2.556406599993352
baseline,0,best,95,shot_noise,2,3.985464501953125,61.559999999999995,34.36,10000,2.469294600014109
baseline,0,best,95,shot_noise,3,6.674086474609375,80.15,57.76,10000,2.470086299988907
baseline,0,best,95,shot_noise,4,7.529721533203125,85.1,65.38999999999999,10000,2.4586780999670736
baseline,0,best,95,shot_noise,5,8.491993701171875,89.83,74.12,10000,2.406193599977996
baseline,0,best,95,impulse_noise,1,2.38083173828125,46.56,21.719999999999995,10000,2.365481799992267
baseline,0,best,95,impulse_noise,2,3.8300597412109374,65.14,38.67,10000,2.370261500007473
baseline,0,best,95,impulse_noise,3,5.023996875,77.42,53.349999999999994,10000,2.384481999964919
baseline,0,best,95,impulse_noise,4,6.942042822265625,89.42999999999999,74.14,10000,2.394223699986469
baseline,0,best,95,impulse_noise,5,8.250353515625,93.92,83.78999999999999,10000,2.38500169996405
baseline,0,best,95,defocus_blur,1,1.1375914916992187,24.91,7.320000000000004,10000,2.3833079999894835
baseline,0,best,95,defocus_blur,2,1.33323408203125,28.800000000000004,9.079999999999998,10000,2.4157361999969
baseline,0,best,95,defocus_blur,3,1.8655075439453126,37.150000000000006,14.649999999999997,10000,2.370499300013762
baseline,0,best,95,defocus_blur,4,2.7888223876953124,50.059999999999995,24.429999999999996,10000,2.387407100002747
baseline,0,best,95,defocus_blur,5,4.25774384765625,66.5,40.44,10000,2.3775940000195988
baseline,0,best,95,glass_blur,1,5.892961962890625,78.36,53.86,10000,2.403904600010719
baseline,0,best,95,glass_blur,2,5.7285109375,76.92,52.1,10000,2.413105799991172
baseline,0,best,95,glass_blur,3,5.33891376953125,74.92,49.79,10000,2.3945289999828674
baseline,0,best,95,glass_blur,4,6.775334375,83.55,61.21,10000,2.411178699985612
baseline,0,best,95,glass_blur,5,6.287870166015625,81.05,58.410000000000004,10000,2.399014700029511
baseline,0,best,95,motion_blur,1,1.6815345092773437,34.0,12.4,10000,2.3952813000069
baseline,0,best,95,motion_blur,2,2.2371145263671877,42.92,18.869999999999997,10000,2.4048411999829113
baseline,0,best,95,motion_blur,3,2.8985995361328123,51.690000000000005,26.259999999999994,10000,2.3787540000048466
baseline,0,best,95,motion_blur,4,2.8910975830078125,51.66,26.090000000000003,10000,2.477182600006927
baseline,0,best,95,motion_blur,5,3.562290234375,59.870000000000005,33.81999999999999,10000,2.4019476999528706
baseline,0,best,95,zoom_blur,1,1.8517146118164063,37.5,15.069999999999995,10000,2.442770899971947
baseline,0,best,95,zoom_blur,2,2.1183616333007813,41.910000000000004,17.849999999999998,10000,2.411381200014148
baseline,0,best,95,zoom_blur,3,2.5727162109375,48.14000000000001,23.009999999999998,10000,2.4268521000049077
baseline,0,best,95,zoom_blur,4,3.0287378662109377,53.410000000000004,28.159999999999997,10000,2.4354108999832533
baseline,0,best,95,zoom_blur,5,3.704486865234375,61.07,35.89,10000,2.4662031999905594
baseline,0,best,95,snow,1,1.6077642944335937,33.84,12.070000000000004,10000,2.395580600015819
baseline,0,best,95,snow,2,2.748683251953125,50.669999999999995,24.360000000000003,10000,2.405117699992843
baseline,0,best,95,snow,3,2.387653857421875,45.98,21.020000000000007,10000,2.3860077999997884
baseline,0,best,95,snow,4,2.633685546875,49.4,23.89,10000,2.3849116999772377
baseline,0,best,95,snow,5,3.237059521484375,56.91,30.47,10000,2.3771930999937467
baseline,0,best,95,frost,1,1.80119921875,36.919999999999995,13.660000000000005,10000,2.3797907000407577
baseline,0,best,95,frost,2,2.416525439453125,45.92,20.58,10000,2.404696999990847
baseline,0,best,95,frost,3,3.4526741455078125,57.42,30.740000000000002,10000,2.3988047000020742
baseline,0,best,95,frost,4,3.6595294677734374,59.39,33.03,10000,2.397717400046531
baseline,0,best,95,frost,5,4.69195654296875,68.34,42.26,10000,2.4060556999756955
baseline,0,best,95,fog,1,1.1593700073242188,25.22,7.4100000000000055,10000,2.5227365999598987
baseline,0,best,95,fog,2,1.360917236328125,29.369999999999997,9.019999999999994,10000,2.504826000018511
baseline,0,best,95,fog,3,1.6157271728515625,33.46,11.690000000000001,10000,2.460732300009113
baseline,0,best,95,fog,4,2.1116522216796874,40.669999999999995,16.769999999999996,10000,2.501851800014265
baseline,0,best,95,fog,5,4.086750073242188,63.169999999999995,36.89,10000,2.42141360003734
baseline,0,best,95,brightness,1,1.1212891357421875,24.539999999999996,7.299999999999995,10000,2.4728707000031136
baseline,0,best,95,brightness,2,1.1681860473632812,25.89,7.8400000000000025,10000,2.510508999985177
baseline,0,best,95,brightness,3,1.253826171875,27.42,8.620000000000005,10000,2.445051999995485
baseline,0,best,95,brightness,4,1.3803542846679688,30.010000000000005,9.68,10000,2.527113099989947
baseline,0,best,95,brightness,5,1.7463206420898438,36.260000000000005,13.019999999999998,10000,2.498546799994074
baseline,0,best,95,contrast,1,1.19490126953125,26.149999999999995,7.469999999999999,10000,2.487433999951463
baseline,0,best,95,contrast,2,1.6290099365234374,33.620000000000005,11.780000000000001,10000,2.493254200031515
baseline,0,best,95,contrast,3,2.0969348022460936,40.849999999999994,16.349999999999998,10000,2.3956530000432394
baseline,0,best,95,contrast,4,3.0052579833984376,52.53,25.860000000000007,10000,2.3935722000314854
baseline,0,best,95,contrast,5,6.53048271484375,81.16,59.599999999999994,10000,2.4032910999958403
baseline,0,best,95,elastic_transform,1,1.6614171752929687,34.31999999999999,12.219999999999997,10000,2.3887526000034995
baseline,0,best,95,elastic_transform,2,1.6481864379882813,34.48,12.029999999999996,10000,2.4572066999971867
baseline,0,best,95,elastic_transform,3,2.0396928344726564,40.52,16.82,10000,2.3791195999947377
baseline,0,best,95,elastic_transform,4,2.49620634765625,48.11,21.699999999999996,10000,2.3935083000105806
baseline,0,best,95,elastic_transform,5,3.0700584716796877,56.26,27.990000000000002,10000,2.386791299970355
baseline,0,best,95,pixelate,1,1.3826797241210937,29.93,9.889999999999999,10000,2.3971071999985725
baseline,0,best,95,pixelate,2,1.9750461303710938,40.18000000000001,16.200000000000003,10000,2.426748299971223
baseline,0,best,95,pixelate,3,2.37449296875,45.47,20.85,10000,2.4073162999702618
baseline,0,best,95,pixelate,4,3.978252392578125,64.06,38.41,10000,2.407895600015763
baseline,0,best,95,pixelate,5,5.638833837890625,76.8,56.309999999999995,10000,2.3855560999945737
baseline,0,best,95,jpeg_compression,1,2.12996494140625,42.64,17.710000000000004,10000,2.4160802999977022
baseline,0,best,95,jpeg_compression,2,2.732684814453125,52.18000000000001,25.31,10000,2.399855099967681
baseline,0,best,95,jpeg_compression,3,2.924102294921875,54.269999999999996,27.390000000000004,10000,2.380368100013584
baseline,0,best,95,jpeg_compression,4,3.212246630859375,57.60000000000001,31.230000000000004,10000,2.3995133000425994
baseline,0,best,95,jpeg_compression,5,3.5617863037109374,62.38,35.760000000000005,10000,2.4103707000031136
baseline,0,last,100,gaussian_noise,1,3.631165771484375,58.26,31.66,10000,2.421138699981384
baseline,0,last,100,gaussian_noise,2,5.9320064453125,75.87,51.910000000000004,10000,2.4065535000409
baseline,0,last,100,gaussian_noise,3,7.51007470703125,85.15,66.56,10000,2.4076555999927223
baseline,0,last,100,gaussian_noise,4,8.073908740234375,88.75,72.15,10000,2.389351399964653
baseline,0,last,100,gaussian_noise,5,8.53035380859375,90.41,76.91,10000,2.375509499979671
baseline,0,last,100,shot_noise,1,2.5776067138671874,47.01,21.509999999999994,10000,2.3997623000177555
baseline,0,last,100,shot_noise,2,3.8466233642578125,60.19,33.42,10000,2.393614600005094
baseline,0,last,100,shot_noise,3,6.3926994140625,79.22,56.28999999999999,10000,2.400104900007136
baseline,0,last,100,shot_noise,4,7.21373798828125,84.2,64.02,10000,2.3979123999597505
baseline,0,last,100,shot_noise,5,8.143163671875,89.16,73.1,10000,2.408715299970936
baseline,0,last,100,impulse_noise,1,2.3689296630859373,46.57,21.58,10000,2.5451196000212803
baseline,0,last,100,impulse_noise,2,3.804092431640625,64.94,38.480000000000004,10000,2.48600760003319
baseline,0,last,100,impulse_noise,3,4.9637810546875,76.72,52.57000000000001,10000,2.488401100039482
baseline,0,last,100,impulse_noise,4,6.773850048828125,88.75,73.21,10000,2.497113499965053
baseline,0,last,100,impulse_noise,5,7.978369189453125,93.62,82.96,10000,2.464796199987177
baseline,0,last,100,defocus_blur,1,1.1371194458007812,24.880000000000003,7.199999999999996,10000,2.487893300014548
baseline,0,last,100,defocus_blur,2,1.3298722534179688,28.71,8.850000000000001,10000,2.5003017999697477
baseline,0,last,100,defocus_blur,3,1.8504176879882812,36.57,14.770000000000005,10000,2.4621586999855936
baseline,0,last,100,defocus_blur,4,2.736304248046875,49.57,24.319999999999997,10000,2.480886899982579
baseline,0,last,100,defocus_blur,5,4.14730439453125,65.81,39.970000000000006,10000,2.4828777000075206
baseline,0,last,100,glass_blur,1,5.825706884765625,77.81,53.449999999999996,10000,2.475703199976124
baseline,0,last,100,glass_blur,2,5.659027734375,76.49000000000001,51.580000000000005,10000,2.4214459999930114
baseline,0,last,100,glass_blur,3,5.286457568359375,74.42,49.29,10000,2.4136151000275277
baseline,0,last,100,glass_blur,4,6.69054775390625,83.17,60.349999999999994,10000,2.4072187000419945
baseline,0,last,100,glass_blur,5,6.220432958984375,80.77,57.620000000000005,10000,2.4083675000001676
baseline,0,last,100,motion_blur,1,1.6732959716796876,33.78,12.450000000000006,10000,2.4173753000213765
baseline,0,last,100,motion_blur,2,2.21399541015625,42.730000000000004,18.54,10000,2.396621600026265
baseline,0,last,100,motion_blur,3,2.8495982666015625,51.29,25.770000000000003,10000,2.451163399964571
baseline,0,last,100,motion_blur,4,2.8480560791015623,51.160000000000004,25.749999999999996,10000,2.396337800018955
baseline,0,last,100,motion_blur,5,3.4805819580078126,59.230000000000004,33.089999999999996,10000,2.39121560001513
baseline,0,last,100,zoom_blur,1,1.835698486328125,37.62,14.749999999999996,10000,2.38601119996747
baseline,0,last,100,zoom_blur,2,2.096374816894531,41.63,17.75,10000,2.4012422999949194
baseline,0,last,100,zoom_blur,3,2.538220068359375,47.78,22.89,10000,2.4009738999884576
baseline,0,last,100,zoom_blur,4,2.98392822265625,53.12,27.980000000000004,10000,2.410831999965012
baseline,0,last,100,zoom_blur,5,3.63662802734375,60.68,35.97,10000,2.4056470000068657
baseline,0,last,100,snow,1,1.60829306640625,34.050000000000004,12.129999999999995,10000,2.4179364999872632
baseline,0,last,100,snow,2,2.7404478759765625,50.85999999999999,24.519999999999996,10000,2.4036645999876782
baseline,0,last,100,snow,3,2.3833611083984376,46.13,20.97,10000,2.393824099970516
baseline,0,last,100,snow,4,2.622265625,49.42999999999999,23.7,10000,2.429093200014904
baseline,0,last,100,snow,5,3.2073489501953123,56.60000000000001,30.14,10000,2.3971022999612615
baseline,0,last,100,frost,1,1.7802004760742187,36.61,13.439999999999996,10000,2.403285800013691
baseline,0,last,100,frost,2,2.3726182373046876,45.440000000000005,20.109999999999996,10000,2.40431960002752
baseline,0,last,100,frost,3,3.3722956298828124,56.64,30.14,10000,2.435594199982006
baseline,0,last,100,frost,4,3.5882102294921876,58.9,32.26,10000,2.425995099998545
baseline,0,last,100,frost,5,4.592874072265625,67.52,41.300000000000004,10000,2.415874900005292
baseline,0,last,100,fog,1,1.1549314819335939,25.22,7.169999999999998,10000,2.390198699955363
baseline,0,last,100,fog,2,1.3473505737304687,28.800000000000004,8.789999999999997,10000,2.4046381000080146
baseline,0,last,100,fog,3,1.59434892578125,33.089999999999996,11.339999999999995,10000,2.4043598000425845
baseline,0,last,100,fog,4,2.0742092895507813,40.23,16.180000000000007,10000,2.4106283000437543
baseline,0,last,100,fog,5,4.040010424804687,62.68,36.62,10000,2.404534200031776
baseline,0,last,100,brightness,1,1.1165821655273438,24.519999999999996,7.099999999999995,10000,2.410836900002323
baseline,0,last,100,brightness,2,1.1561748962402343,25.570000000000004,7.579999999999998,10000,2.404726499982644
baseline,0,last,100,brightness,3,1.236063916015625,27.11,8.389999999999997,10000,2.416945500008296
baseline,0,last,100,brightness,4,1.355470068359375,29.500000000000004,9.450000000000003,10000,2.3788195999804884
baseline,0,last,100,brightness,5,1.707296923828125,35.72,12.680000000000003,10000,2.4014567999984138
baseline,0,last,100,contrast,1,1.185318115234375,25.83,7.359999999999999,10000,2.4224049000185914
baseline,0,last,100,contrast,2,1.6010233520507813,33.14,11.350000000000005,10000,2.452994099992793
baseline,0,last,100,contrast,3,2.0522746337890627,40.080000000000005,15.73,10000,2.3913891999982297
baseline,0,last,100,contrast,4,2.9333687744140624,51.46999999999999,25.229999999999997,10000,2.4119520999956876
baseline,0,last,100,contrast,5,6.316135986328125,80.17,57.940000000000005,10000,2.416019199998118
baseline,0,last,100,elastic_transform,1,1.6517911499023437,34.260000000000005,12.239999999999995,10000,2.3988306000246666
baseline,0,last,100,elastic_transform,2,1.6418233520507812,34.46,12.1,10000,2.410185399989132
baseline,0,last,100,elastic_transform,3,2.036240515136719,40.64,17.100000000000005,10000,2.3949739999952726
baseline,0,last,100,elastic_transform,4,2.483372119140625,48.11,21.519999999999996,10000,2.3861026999657042
baseline,0,last,100,elastic_transform,5,3.0338484130859373,55.75,27.51,10000,2.398814400017727
baseline,0,last,100,pixelate,1,1.3824315795898436,30.210000000000004,9.799999999999997,10000,2.40600799996173
baseline,0,last,100,pixelate,2,1.9677598022460938,40.11,16.23,10000,2.398329499992542
baseline,0,last,100,pixelate,3,2.3763146484375,45.699999999999996,20.920000000000005,10000,2.418882499972824
baseline,0,last,100,pixelate,4,4.00337626953125,64.01,38.449999999999996,10000,2.4067127000307664
baseline,0,last,100,pixelate,5,5.705939892578125,77.42,56.620000000000005,10000,2.3996613000053912
baseline,0,last,100,jpeg_compression,1,2.12755732421875,42.61000000000001,17.600000000000005,10000,2.4277576000313275
baseline,0,last,100,jpeg_compression,2,2.7269522705078124,52.2,25.149999999999995,10000,2.4195807999931276
baseline,0,last,100,jpeg_compression,3,2.92247666015625,54.18000000000001,27.41,10000,2.41498080000747
baseline,0,last,100,jpeg_compression,4,3.2096908203125,57.36,31.16,10000,2.4061514000059105
baseline,0,last,100,jpeg_compression,5,3.56443876953125,62.13999999999999,35.85,10000,2.3869812000193633
augmix,0,best,97,gaussian_noise,1,1.3288065307617187,33.35,11.129999999999995,10000,2.380305300001055
augmix,0,best,97,gaussian_noise,2,2.0385788696289064,45.07,19.630000000000003,10000,2.4194874999811873
augmix,0,best,97,gaussian_noise,3,2.97587099609375,57.440000000000005,31.230000000000004,10000,2.400546499993652
augmix,0,best,97,gaussian_noise,4,3.4908717529296873,63.51,37.08,10000,2.3877777000307105
augmix,0,best,97,gaussian_noise,5,4.06835556640625,68.80999999999999,44.330000000000005,10000,2.4070167999598198
augmix,0,best,97,shot_noise,1,1.0819329223632812,28.84,8.299999999999997,10000,2.4144438999937847
augmix,0,best,97,shot_noise,2,1.3608228515625,34.41,11.750000000000005,10000,2.3928344000014476
augmix,0,best,97,shot_noise,3,2.2002197509765624,47.49,21.830000000000005,10000,2.431489300040994
augmix,0,best,97,shot_noise,4,2.638946044921875,53.89999999999999,27.33,10000,2.4034717000322416
augmix,0,best,97,shot_noise,5,3.4421980712890625,62.91,36.51,10000,2.3977178999921307
augmix,0,best,97,impulse_noise,1,0.9517882507324219,25.980000000000004,6.889999999999996,10000,2.4039859999902546
augmix,0,best,97,impulse_noise,2,1.1412259704589844,29.610000000000003,9.030000000000005,10000,2.3924808999872766
augmix,0,best,97,impulse_noise,3,1.3818269775390626,34.650000000000006,11.950000000000005,10000,2.384240999992471
augmix,0,best,97,impulse_noise,4,2.061803259277344,47.099999999999994,20.66,10000,2.406076800019946
augmix,0,best,97,impulse_noise,5,2.8953919677734374,58.82000000000001,32.410000000000004,10000,2.394801899965387
augmix,0,best,97,defocus_blur,1,0.8313823425292969,23.080000000000002,5.700000000000005,10000,2.3918127000215463
augmix,0,best,97,defocus_blur,2,0.8510107421875,23.380000000000003,5.800000000000005,10000,2.3860762999975123
augmix,0,best,97,defocus_blur,3,0.8921578552246093,24.519999999999996,6.089999999999995,10000,2.418280499987304
augmix,0,best,97,defocus_blur,4,0.9659583435058594,26.049999999999997,7.130000000000003,10000,2.3991081000422128
augmix,0,best,97,defocus_blur,5,1.1169562133789062,29.279999999999994,8.730000000000004,10000,2.409599199949298
augmix,0,best,97,glass_blur,1,2.0691100341796873,47.18,19.869999999999997,10000,2.4553500000038184
augmix,0,best,97,glass_blur,2,2.0096119750976564,46.4,19.020000000000003,10000,2.415995399991516
augmix,0,best,97,glass_blur,3,1.8995806762695313,44.43,18.210000000000004,10000,2.395745399990119
augmix,0,best,97,glass_blur,4,2.849306201171875,59.309999999999995,29.910000000000004,10000,2.3975645000464283
augmix,0,best,97,glass_blur,5,2.620349365234375,56.269999999999996,27.33,10000,2.4106854000128806
augmix,0,best,97,motion_blur,1,0.8975355285644532,24.529999999999998,6.330000000000002,10000,2.3861493000295013
augmix,0,best,97,motion_blur,2,0.9891252563476562,26.52,7.040000000000002,10000,2.4050183999934234
augmix,0,best,97,motion_blur,3,1.1209835815429687,28.959999999999997,8.77,10000,2.3991675000288524
augmix,0,best,97,motion_blur,4,1.1227767150878907,29.569999999999997,8.930000000000005,10000,2.413073699979577
augmix,0,best,97,motion_blur,5,1.2763052001953126,32.489999999999995,10.640000000000004,10000,2.4029439000296406
augmix,0,best,97,zoom_blur,1,0.919174365234375,25.39,6.620000000000004,10000,2.3992698999936692
augmix,0,best,97,zoom_blur,2,0.9315895263671875,25.91,6.669999999999998,10000,2.403279299964197
augmix,0,best,97,zoom_blur,3,0.9855192993164062,27.02,7.169999999999998,10000,2.398674399999436
augmix,0,best,97,zoom_blur,4,1.0634984619140626,28.590000000000003,7.969999999999999,10000,2.3908265000209212
augmix,0,best,97,zoom_blur,5,1.2259235107421875,31.920000000000005,9.860000000000003,10000,2.4364238000125624
augmix,0,best,97,snow,1,0.9592332275390625,26.480000000000004,7.179999999999998,10000,2.406293399981223
augmix,0,best,97,snow,2,1.2996302612304687,33.830000000000005,10.98,10000,2.401479299995117
augmix,0,best,97,snow,3,1.2957595703125,33.809999999999995,11.009999999999998,10000,2.4124206000124104
augmix,0,best,97,snow,4,1.4816000610351563,37.739999999999995,13.560000000000006,10000,2.4092643999611028
augmix,0,best,97,snow,5,1.690085400390625,41.510000000000005,16.71,10000,2.404226100014057
augmix,0,best,97,frost,1,1.0227427368164062,27.580000000000005,7.76,10000,2.3944903999799863
augmix,0,best,97,frost,2,1.2493674438476563,32.92,10.58,10000,2.4229900000500493
augmix,0,best,97,frost,3,1.598721142578125,39.239999999999995,14.870000000000005,10000,2.407318200042937
augmix,0,best,97,frost,4,1.6363332153320314,39.410000000000004,15.000000000000002,10000,2.4278865000233054
augmix,0,best,97,frost,5,2.019405419921875,46.29,20.150000000000002,10000,2.421349000011105
augmix,0,best,97,fog,1,0.8488952209472657,23.29,5.889999999999995,10000,2.431254600000102
augmix,0,best,97,fog,2,0.95155244140625,26.249999999999996,6.930000000000003,10000,2.4008468000101857
augmix,0,best,97,fog,3,1.103047052001953,29.349999999999998,8.620000000000005,10000,2.394573500030674
augmix,0,best,97,fog,4,1.3714603881835938,34.46,11.970000000000002,10000,2.37876769999275
augmix,0,best,97,fog,5,2.393115869140625,51.760000000000005,24.650000000000006,10000,2.388072000001557
augmix,0,best,97,brightness,1,0.8299166625976563,23.17,5.6499999999999995,10000,2.3692840000148863
augmix,0,best,97,brightness,2,0.8541887756347656,23.750000000000004,5.949999999999999,10000,2.403900799981784
augmix,0,best,97,brightness,3,0.899236962890625,24.919999999999998,6.399999999999995,10000,2.3997103999718092
augmix,0,best,97,brightness,4,0.9633667114257812,26.700000000000003,7.169999999999998,10000,2.405761400004849
augmix,0,best,97,brightness,5,1.1647440307617187,30.930000000000003,9.419999999999995,10000,2.3942014999920502
augmix,0,best,97,contrast,1,0.8506188659667969,23.429999999999996,6.059999999999999,10000,2.393060600035824
augmix,0,best,97,contrast,2,0.9828188903808593,26.71,7.520000000000005,10000,2.3955443000304513
augmix,0,best,97,contrast,3,1.1152648803710938,29.879999999999995,9.189999999999998,10000,2.4063226000289433
augmix,0,best,97,contrast,4,1.3580997314453125,34.88,12.1,10000,2.4008944000233896
augmix,0,best,97,contrast,5,2.48071181640625,55.34,27.090000000000003,10000,2.3918648999533616
augmix,0,best,97,elastic_transform,1,1.0339664672851563,28.080000000000005,7.750000000000002,10000,2.4083037999807857
augmix,0,best,97,elastic_transform,2,0.9856339721679688,27.11,7.579999999999998,10000,2.387395799974911
augmix,0,best,97,elastic_transform,3,1.0354332153320311,27.980000000000004,8.089999999999996,10000,2.419505099998787
augmix,0,best,97,elastic_transform,4,1.3729837890625,35.050000000000004,12.009999999999998,10000,2.389741899969522
augmix,0,best,97,elastic_transform,5,1.7922689208984375,43.7,17.610000000000003,10000,2.4285627999925055
augmix,0,best,97,pixelate,1,0.9049374877929688,24.980000000000004,6.2000000000000055,10000,2.413084300002083
augmix,0,best,97,pixelate,2,1.0075314025878905,27.13,7.430000000000003,10000,2.3839273000485264
augmix,0,best,97,pixelate,3,1.0865876037597657,28.910000000000004,8.67,10000,2.4156562000280246
augmix,0,best,97,pixelate,4,1.5093427612304688,36.980000000000004,13.990000000000002,10000,2.414485099958256
augmix,0,best,97,pixelate,5,2.4964111572265626,52.26,26.239999999999995,10000,2.4027941999956965
augmix,0,best,97,jpeg_compression,1,1.2550100463867186,32.46,10.650000000000004,10000,2.3977704999851994
augmix,0,best,97,jpeg_compression,2,1.4966787109375,37.67,13.61,10000,2.387905400013551
augmix,0,best,97,jpeg_compression,3,1.6013458251953125,39.959999999999994,15.110000000000001,10000,2.3981904999818653
augmix,0,best,97,jpeg_compression,4,1.6960330688476561,41.300000000000004,16.53,10000,2.423066999996081
augmix,0,best,97,jpeg_compression,5,1.8416268188476563,44.36,18.689999999999994,10000,2.410089600016363
augmix,0,last,100,gaussian_noise,1,1.3202402099609376,33.269999999999996,11.060000000000002,10000,2.3889252000371926
augmix,0,last,100,gaussian_noise,2,2.0075913818359377,44.510000000000005,19.169999999999998,10000,2.463403499976266
augmix,0,last,100,gaussian_noise,3,2.91820419921875,56.64,30.210000000000004,10000,2.427416099992115
augmix,0,last,100,gaussian_noise,4,3.4154159423828125,62.69,36.1,10000,2.399990700010676
augmix,0,last,100,gaussian_noise,5,3.9727405029296876,67.9,42.800000000000004,10000,2.4015055999625474
augmix,0,last,100,shot_noise,1,1.0778779724121095,28.900000000000002,8.299999999999997,10000,2.4185682999668643
augmix,0,last,100,shot_noise,2,1.354047412109375,34.150000000000006,11.680000000000001,10000,2.404509700019844
augmix,0,last,100,shot_noise,3,2.1789223999023437,47.34,21.48,10000,2.3928325999877416
augmix,0,last,100,shot_noise,4,2.60476357421875,53.28999999999999,26.970000000000006,10000,2.4041168999974616
augmix,0,last,100,shot_noise,5,3.3894344482421874,62.25000000000001,35.62,10000,2.4275046000257134
augmix,0,last,100,impulse_noise,1,0.9499564147949219,25.880000000000003,6.740000000000002,10000,2.392607100016903
augmix,0,last,100,impulse_noise,2,1.1383492431640625,29.779999999999994,8.840000000000003,10000,2.3903043000027537
augmix,0,last,100,impulse_noise,3,1.3733325561523437,34.14,11.680000000000001,10000,2.4030254000099376
augmix,0,last,100,impulse_noise,4,2.033671630859375,46.51,20.06,10000,2.3891906999633648
augmix,0,last,100,impulse_noise,5,2.827546337890625,57.800000000000004,31.259999999999998,10000,2.4111862999852747
augmix,0,last,100,defocus_blur,1,0.8298576843261719,23.040000000000006,5.6499999999999995,10000,2.397915500041563
augmix,0,last,100,defocus_blur,2,0.8493076354980469,23.69,5.800000000000005,10000,2.3877647999906912
augmix,0,last,100,defocus_blur,3,0.8902253784179688,24.48,6.140000000000001,10000,2.417298300017137
augmix,0,last,100,defocus_blur,4,0.9635334228515625,25.960000000000004,7.020000000000004,10000,2.41397059999872
augmix,0,last,100,defocus_blur,5,1.1135798095703124,29.359999999999996,8.720000000000006,10000,2.3992320999968797
augmix,0,last,100,glass_blur,1,2.0404650390625,46.64,19.599999999999994,10000,2.4098188999923877
augmix,0,last,100,glass_blur,2,1.9846536865234374,46.24,18.66,10000,2.3920381999923848
augmix,0,last,100,glass_blur,3,1.882223486328125,44.25,17.910000000000004,10000,2.409271600015927
augmix,0,last,100,glass_blur,4,2.8019170654296874,58.76,29.100000000000005,10000,2.411537399981171
augmix,0,last,100,glass_blur,5,2.5811552490234373,55.730000000000004,26.990000000000002,10000,2.3971116000320762
augmix,0,last,100,motion_blur,1,0.8940670654296875,24.48,6.379999999999997,10000,2.435236099991016
augmix,0,last,100,motion_blur,2,0.9836912109375,26.480000000000004,7.040000000000002,10000,2.4031550999497995
augmix,0,last,100,motion_blur,3,1.1111599975585937,28.890000000000004,8.689999999999998,10000,2.4030896999756806
augmix,0,last,100,motion_blur,4,1.112547705078125,29.279999999999994,8.830000000000005,10000,2.4050174000440165
augmix,0,last,100,motion_blur,5,1.2601321166992188,32.56,10.419999999999996,10000,2.424328500055708
augmix,0,last,100,zoom_blur,1,0.9194192260742188,25.290000000000003,6.530000000000003,10000,2.388426800025627
augmix,0,last,100,zoom_blur,2,0.9315813293457031,25.970000000000006,6.589999999999996,10000,2.4564001000253484
augmix,0,last,100,zoom_blur,3,0.9863928527832031,27.149999999999995,7.089999999999996,10000,2.4016657000174746
augmix,0,last,100,zoom_blur,4,1.0653823547363281,28.71,7.930000000000003,10000,2.4114358999649994
augmix,0,last,100,zoom_blur,5,1.2295127807617188,31.869999999999997,9.78,10000,2.4148135000141338
augmix,0,last,100,snow,1,0.959775732421875,26.549999999999997,7.130000000000003,10000,2.386373099987395
augmix,0,last,100,snow,2,1.2994248657226561,33.95,10.98,10000,2.3946345999720506
augmix,0,last,100,snow,3,1.2962161499023437,33.87,11.070000000000002,10000,2.3948090000194497
augmix,0,last,100,snow,4,1.4796326293945312,37.81,13.759999999999994,10000,2.4014864999917336
augmix,0,last,100,snow,5,1.6778332153320312,41.43,16.469999999999995,10000,2.425395700032823
augmix,0,last,100,frost,1,1.0114716674804687,27.63,7.720000000000004,10000,2.4002080999780446
augmix,0,last,100,frost,2,1.23034560546875,32.52,10.429999999999994,10000,2.4083538000122644
augmix,0,last,100,frost,3,1.5646268188476562,38.480000000000004,14.359999999999996,10000,2.4045616000075825
augmix,0,last,100,frost,4,1.6031088500976562,38.82,14.719999999999999,10000,2.401757000014186
augmix,0,last,100,frost,5,1.9705206909179687,45.75,19.279999999999998,10000,2.4498416999704204
augmix,0,last,100,fog,1,0.8445956848144531,23.26,5.759999999999998,10000,2.411856100021396
augmix,0,last,100,fog,2,0.9408833374023438,25.960000000000004,6.679999999999997,10000,2.415120699966792
augmix,0,last,100,fog,3,1.0896321166992187,29.03,8.46,10000,2.408265499980189
augmix,0,last,100,fog,4,1.3493348510742187,34.11,11.650000000000006,10000,2.416788800037466
augmix,0,last,100,fog,5,2.35129384765625,51.160000000000004,24.380000000000003,10000,2.413442399993073
augmix,0,last,100,brightness,1,0.8280159790039062,23.189999999999998,5.449999999999999,10000,2.407721500028856
augmix,0,last,100,brightness,2,0.8518775573730468,23.68,5.700000000000005,10000,2.424045699997805
augmix,0,last,100,brightness,3,0.8958837890625,24.839999999999996,6.179999999999996,10000,2.4209683999652043
augmix,0,last,100,brightness,4,0.9594101379394532,26.490000000000002,6.930000000000003,10000,2.3991156999836676
augmix,0,last,100,brightness,5,1.1578639526367187,30.710000000000004,9.209999999999996,10000,2.424530699965544
augmix,0,last,100,contrast,1,0.8431882568359375,23.37,5.979999999999997,10000,2.4027874000021257
augmix,0,last,100,contrast,2,0.9635015380859375,26.41,7.140000000000002,10000,2.404859900008887
augmix,0,last,100,contrast,3,1.0858155517578125,29.369999999999997,8.830000000000005,10000,2.4155991000006907
augmix,0,last,100,contrast,4,1.3104733764648437,33.989999999999995,11.529999999999996,10000,2.4097314000246115
augmix,0,last,100,contrast,5,2.366601904296875,53.61,25.78,10000,2.4026847000350244
augmix,0,last,100,elastic_transform,1,1.0316961669921876,27.869999999999994,7.489999999999997,10000,2.419871799997054
augmix,0,last,100,elastic_transform,2,0.9853261657714844,27.059999999999995,7.469999999999999,10000,2.413864600006491
augmix,0,last,100,elastic_transform,3,1.0357648193359374,27.93,8.05,10000,2.4077879000105895
augmix,0,last,100,elastic_transform,4,1.3809624389648438,35.23,12.2,10000,2.3981995000503957
augmix,0,last,100,elastic_transform,5,1.8017770141601563,43.74,17.689999999999994,10000,2.4105975999846123
augmix,0,last,100,pixelate,1,0.9023392028808593,25.009999999999998,6.210000000000004,10000,2.4067984000430442
augmix,0,last,100,pixelate,2,1.0015398559570312,26.949999999999996,7.430000000000003,10000,2.4227074999944307
augmix,0,last,100,pixelate,3,1.078052618408203,28.63,8.530000000000005,10000,2.407274700002745
augmix,0,last,100,pixelate,4,1.4831200927734376,36.61,13.690000000000001,10000,2.4121115999878384
augmix,0,last,100,pixelate,5,2.4383642578125,51.980000000000004,25.419999999999998,10000,2.387442999985069
augmix,0,last,100,jpeg_compression,1,1.2532716918945312,32.46,10.7,10000,2.4084140000049956
augmix,0,last,100,jpeg_compression,2,1.4946335571289062,37.8,13.560000000000006,10000,2.390318100049626
augmix,0,last,100,jpeg_compression,3,1.59757216796875,40.059999999999995,15.069999999999995,10000,2.412954900006298
augmix,0,last,100,jpeg_compression,4,1.6919842651367187,41.52,16.500000000000004,10000,2.4079413999570534
augmix,0,last,100,jpeg_compression,5,1.8376809448242188,44.279999999999994,18.630000000000003,10000,2.450422999972943
baseline,1,best,98,gaussian_noise,1,3.8029849609375,59.51,32.93000000000001,10000,2.400374000018928
baseline,1,best,98,gaussian_noise,2,6.54263466796875,76.4,52.459999999999994,10000,2.4021209999918938
baseline,1,best,98,gaussian_noise,3,8.86042412109375,85.72999999999999,66.71000000000001,10000,2.412613800028339
baseline,1,best,98,gaussian_noise,4,9.7426185546875,88.37,72.58,10000,2.4110012999735773
baseline,1,best,98,gaussian_noise,5,10.35868466796875,90.51,76.47,10000,2.387818299990613
baseline,1,best,98,shot_noise,1,2.6193476318359377,47.96,21.950000000000003,10000,2.4097105999826454
baseline,1,best,98,shot_noise,2,3.9846076416015626,60.660000000000004,33.809999999999995,10000,2.3984634000225924
baseline,1,best,98,shot_noise,3,7.183835546875,79.57,56.790000000000006,10000,2.4125458000344224
baseline,1,best,98,shot_noise,4,8.340075341796876,84.55,64.2,10000,2.3958886999753304
baseline,1,best,98,shot_noise,5,9.74745283203125,89.21,73.3,10000,2.410597999987658
baseline,1,best,98,impulse_noise,1,2.495328515625,47.040000000000006,21.519999999999996,10000,2.458024999999907
baseline,1,best,98,impulse_noise,2,4.417784521484375,66.49000000000001,41.620000000000005,10000,2.408452700008638
baseline,1,best,98,impulse_noise,3,6.100983837890625,78.84,56.59,10000,2.4053522999747656
baseline,1,best,98,impulse_noise,4,8.44662890625,89.96,75.39,10000,2.4205789000261575
baseline,1,best,98,impulse_noise,5,9.5292056640625,93.13,83.23,10000,2.384886700019706
baseline,1,best,98,defocus_blur,1,1.1140058227539062,25.139999999999997,7.030000000000003,10000,2.4066195000195876
baseline,1,best,98,defocus_blur,2,1.29061240234375,28.65,9.250000000000004,10000,2.389332099992316
baseline,1,best,98,defocus_blur,3,1.8049757080078126,37.3,14.41,10000,2.4008939000195824
baseline,1,best,98,defocus_blur,4,2.51146865234375,47.5,21.76,10000,2.3922271000337787
baseline,1,best,98,defocus_blur,5,3.9469040283203123,64.73,38.29,10000,2.408020499977283
baseline,1,best,98,glass_blur,1,5.864783935546875,77.76,53.69999999999999,10000,2.42666240001563
baseline,1,best,98,glass_blur,2,5.6998494140625,76.78,53.349999999999994,10000,2.4018379999906756
baseline,1,best,98,glass_blur,3,5.425104345703125,76.0,51.11,10000,2.4076669000205584
baseline,1,best,98,glass_blur,4,6.716875732421875,83.23,61.5,10000,2.4087098999880254
baseline,1,best,98,glass_blur,5,6.401701513671875,81.87,60.050000000000004,10000,2.3843896000180393
baseline,1,best,98,motion_blur,1,1.5850627319335937,34.34,12.09,10000,2.3963322000345215
baseline,1,best,98,motion_blur,2,2.1604378662109376,43.21,18.35,10000,2.395999500004109
baseline,1,best,98,motion_blur,3,2.7591584716796875,51.7,25.660000000000004,10000,2.40647699998226
baseline,1,best,98,motion_blur,4,2.76673759765625,51.36000000000001,25.460000000000004,10000,2.420817799982615
baseline,1,best,98,motion_blur,5,3.4153712646484373,59.45,33.3,10000,2.4102180999470875
baseline,1,best,98,zoom_blur,1,1.7218608642578126,36.28,13.549999999999995,10000,2.3994011000031605
baseline,1,best,98,zoom_blur,2,1.9930953369140625,40.510000000000005,16.720000000000002,10000,2.409142700023949
baseline,1,best,98,zoom_blur,3,2.4122687255859376,46.67,21.57,10000,2.4094343000324443
baseline,1,best,98,zoom_blur,4,2.8525174560546875,52.39,26.490000000000002,10000,2.4121942999772727
baseline,1,best,98,zoom_blur,5,3.5116105712890624,60.02000000000001,34.37,10000,2.4106611000024714
baseline,1,best,98,snow,1,1.6154205688476562,34.46,11.870000000000003,10000,2.4025252000428736
baseline,1,best,98,snow,2,2.762806005859375,50.71,24.570000000000004,10000,2.401200999971479
baseline,1,best,98,snow,3,2.3640906005859375,45.91,20.609999999999996,10000,2.39778609998757
baseline,1,best,98,snow,4,2.5733857421875,48.27,23.040000000000006,10000,2.4134637000388466
baseline,1,best,98,snow,5,3.1168149169921877,56.36,29.03,10000,2.4138146999757737
baseline,1,best,98,frost,1,1.81072607421875,37.38,14.000000000000002,10000,2.4508648000191897
baseline,1,best,98,frost,2,2.45344755859375,46.660000000000004,21.030000000000005,10000,2.4152826000354253
baseline,1,best,98,frost,3,3.4885390869140624,58.050000000000004,30.979999999999997,10000,2.398731699970085
baseline,1,best,98,frost,4,3.7239246337890624,59.98,33.81999999999999,10000,2.388889499998186
baseline,1,best,98,frost,5,4.752573828125,68.38,42.879999999999995,10000,2.413688300002832
baseline,1,best,98,fog,1,1.134049365234375,25.41,6.9200000000000035,10000,2.393431300006341
baseline,1,best,98,fog,2,1.3119447998046876,28.62,8.409999999999995,10000,2.394594200013671
baseline,1,best,98,fog,3,1.5562200561523438,32.76,11.160000000000004,10000,2.3986708999727853
baseline,1,best,98,fog,4,1.9919816040039062,39.370000000000005,16.069999999999997,10000,2.4179234000039287
baseline,1,best,98,fog,5,3.8954987548828126,62.169999999999995,35.58,10000,2.40565680002328
baseline,1,best,98,brightness,1,1.1081801208496094,25.149999999999995,6.979999999999997,10000,2.4033337999717332
baseline,1,best,98,brightness,2,1.1565761474609375,26.31,7.66,10000,2.39970439998433
baseline,1,best,98,brightness,3,1.246243505859375,27.810000000000002,8.57,10000,2.4193433999898843
baseline,1,best,98,brightness,4,1.3689816040039062,30.12,9.999999999999998,10000,2.4116452999878675
baseline,1,best,98,brightness,5,1.7352127685546874,36.660000000000004,13.839999999999996,10000,2.453553900006227
baseline,1,best,98,contrast,1,1.1701656494140624,26.080000000000002,7.350000000000001,10000,2.3917299999739043
baseline,1,best,98,contrast,2,1.601592041015625,33.32000000000001,11.070000000000002,10000,2.4077051000203937
baseline,1,best,98,contrast,3,2.0549427490234375,40.2,15.890000000000004,10000,2.40575820003869
baseline,1,best,98,contrast,4,2.918590673828125,52.449999999999996,25.09,10000,2.404744600004051
baseline,1,best,98,contrast,5,6.088037646484375,80.61,58.61000000000001,10000,2.413312099990435
baseline,1,best,98,elastic_transform,1,1.6129566162109374,34.209999999999994,12.009999999999998,10000,2.4028445000294596
baseline,1,best,98,elastic_transform,2,1.6178857666015625,34.67,11.929999999999996,10000,2.3883403000072576
baseline,1,best,98,elastic_transform,3,1.9612800048828125,40.300000000000004,16.590000000000003,10000,2.3889209000044502
baseline,1,best,98,elastic_transform,4,2.38581396484375,47.64000000000001,20.75,10000,2.417357300000731
baseline,1,best,98,elastic_transform,5,3.0090664306640624,56.2,27.949999999999996,10000,2.4281794000416994
baseline,1,best,98,pixelate,1,1.4008356689453125,30.95,9.870000000000001,10000,2.543990899983328
baseline,1,best,98,pixelate,2,2.01132783203125,40.72,16.439999999999998,10000,2.418200899963267
baseline,1,best,98,pixelate,3,2.4892547119140627,47.48,21.47,10000,2.4001984000205994
baseline,1,best,98,pixelate,4,4.2327873046875,65.46000000000001,39.0,10000,2.391811700013932
baseline,1,best,98,pixelate,5,6.275045068359375,79.77,57.61000000000001,10000,2.4138458999805152
baseline,1,best,98,jpeg_compression,1,2.151289453125,43.88999999999999,17.459999999999997,10000,2.4249064999748953
baseline,1,best,98,jpeg_compression,2,2.7156089599609374,52.5,25.1,10000,2.385067399998661
baseline,1,best,98,jpeg_compression,3,2.8855751220703123,54.879999999999995,27.83,10000,2.407466500008013
baseline,1,best,98,jpeg_compression,4,3.12778671875,58.36,31.15,10000,2.4063424000050873
baseline,1,best,98,jpeg_compression,5,3.446402783203125,62.43000000000001,35.809999999999995,10000,2.4066008999943733
baseline,1,last,100,gaussian_noise,1,3.5236816162109377,57.36,31.089999999999996,10000,2.4080717000178993
baseline,1,last,100,gaussian_noise,2,5.9340943359375,74.44,49.839999999999996,10000,2.405853600008413
baseline,1,last,100,gaussian_noise,3,8.08171328125,84.06,64.36,10000,2.408521799952723
baseline,1,last,100,gaussian_noise,4,8.9428892578125,87.08,70.13000000000001,10000,2.4068990999949165
baseline,1,last,100,gaussian_noise,5,9.570544921875,89.38000000000001,74.82,10000,2.4086742000072263
baseline,1,last,100,shot_noise,1,2.5068823974609376,46.699999999999996,20.97,10000,2.4546239000046626
baseline,1,last,100,shot_noise,2,3.6819116455078125,58.53999999999999,32.220000000000006,10000,2.411826999974437
baseline,1,last,100,shot_noise,3,6.52540263671875,77.7,53.910000000000004,10000,2.4197497999994084
baseline,1,last,100,shot_noise,4,7.601198486328125,82.43,61.809999999999995,10000,2.4050261999946088
baseline,1,last,100,shot_noise,5,8.98831328125,87.91,71.15,10000,2.425739899976179
baseline,1,last,100,impulse_noise,1,2.4249491455078127,46.120000000000005,20.97,10000,2.406499699980486
baseline,1,last,100,impulse_noise,2,4.198582958984375,65.12,39.64,10000,2.3976053000078537
baseline,1,last,100,impulse_noise,3,5.7609685546875,76.94,54.15,10000,2.39444210001966
baseline,1,last,100,impulse_noise,4,8.01579921875,89.12,73.69,10000,2.4063564999960363
baseline,1,last,100,impulse_noise,5,9.1219275390625,92.58,81.93,10000,2.4191604999941774
baseline,1,last,100,defocus_blur,1,1.1218656982421875,25.319999999999997,7.0699999999999985,10000,2.436497099988628
baseline,1,last,100,defocus_blur,2,1.3118000366210938,28.939999999999998,9.250000000000004,10000,2.413102499966044
baseline,1,last,100,defocus_blur,3,1.8397076904296874,37.480000000000004,14.529999999999998,10000,2.404574299987871
baseline,1,last,100,defocus_blur,4,2.55371689453125,47.870000000000005,22.09,10000,2.4180913000018336
baseline,1,last,100,defocus_blur,5,3.935926953125,64.49000000000001,38.54,10000,2.455359200015664
baseline,1,last,100,glass_blur,1,5.692900048828125,76.85,52.17,10000,2.4031764000537805
baseline,1,last,100,glass_blur,2,5.53916240234375,75.75,51.93,10000,2.392543599999044
baseline,1,last,100,glass_blur,3,5.287026513671875,74.97,49.88,10000,2.4098621999728493
baseline,1,last,100,glass_blur,4,6.530051220703125,82.24000000000001,60.370000000000005,10000,2.4152401000028476
baseline,1,last,100,glass_blur,5,6.241069873046875,81.08,58.80000000000001,10000,2.4032720999675803
baseline,1,last,100,motion_blur,1,1.6070285522460936,34.51,12.160000000000004,10000,2.414012100023683
baseline,1,last,100,motion_blur,2,2.190979064941406,43.37,18.459999999999997,10000,2.422800400003325
baseline,1,last,100,motion_blur,3,2.7857721435546874,52.059999999999995,25.839999999999996,10000,2.4087521999608725
baseline,1,last,100,motion_blur,4,2.7936047119140626,51.519999999999996,25.91,10000,2.4171802999917418
baseline,1,last,100,motion_blur,5,3.4197785888671874,59.51,33.32000000000001,10000,2.3918448999756947
baseline,1,last,100,zoom_blur,1,1.7756736328125,36.970000000000006,14.059999999999995,10000,2.421525100013241
baseline,1,last,100,zoom_blur,2,2.042331396484375,41.349999999999994,17.32,10000,2.4062408999889158
baseline,1,last,100,zoom_blur,3,2.459824755859375,47.14,21.860000000000003,10000,2.4304698000196368
baseline,1,last,100,zoom_blur,4,2.8867411376953127,52.88999999999999,27.11,10000,2.4078221999807283
baseline,1,last,100,zoom_blur,5,3.5207684326171873,60.4,34.830000000000005,10000,2.4021801999770105
baseline,1,last,100,snow,1,1.6114540893554687,34.48,11.839999999999995,10000,2.421178799995687
baseline,1,last,100,snow,2,2.7233775390625,50.22,24.350000000000005,10000,2.376978100044653
baseline,1,last,100,snow,3,2.350623486328125,45.75,20.620000000000005,10000,2.4155498999753036
baseline,1,last,100,snow,4,2.56415185546875,48.31999999999999,23.060000000000002,10000,2.4215953000239097
baseline,1,last,100,snow,5,3.0789775634765624,56.190000000000005,28.910000000000004,10000,2.3984067999990657
baseline,1,last,100,frost,1,1.7880937377929687,36.72,13.770000000000005,10000,2.4130488999653608
baseline,1,last,100,frost,2,2.4027275146484377,46.050000000000004,20.409999999999997,10000,2.407111399981659
baseline,1,last,100,frost,3,3.3924408447265626,56.98,30.349999999999998,10000,2.4162601999705657
baseline,1,last,100,frost,4,3.6354114501953125,59.37,32.9,10000,2.4112837000284344
baseline,1,last,100,frost,5,4.63213271484375,67.71000000000001,42.279999999999994,10000,2.4255946999765
baseline,1,last,100,fog,1,1.1369476013183595,25.639999999999997,7.0699999999999985,10000,2.4357041000039317
baseline,1,last,100,fog,2,1.317777734375,28.690000000000005,8.489999999999998,10000,2.422261499974411
baseline,1,last,100,fog,3,1.5639721435546876,32.86,11.09,10000,2.3917542999843135
baseline,1,last,100,fog,4,2.002708898925781,39.44,16.02,10000,2.4037188999936916
baseline,1,last,100,fog,5,3.9189201171875,62.339999999999996,35.629999999999995,10000,2.4414525000029244
baseline,1,last,100,brightness,1,1.1054962890625,25.1,6.979999999999997,10000,2.3909337000222877
baseline,1,last,100,brightness,2,1.1486181762695313,26.070000000000004,7.550000000000001,10000,2.4002073000301607
baseline,1,last,100,brightness,3,1.2322848754882811,27.639999999999997,8.56,10000,2.395276599971112
baseline,1,last,100,brightness,4,1.347627734375,29.82,9.78,10000,2.40733050002018
baseline,1,last,100,brightness,5,1.6957203002929688,36.27,13.419999999999998,10000,2.405568000045605
baseline,1,last,100,contrast,1,1.1702293212890624,26.139999999999997,7.279999999999998,10000,2.3970493999659084
baseline,1,last,100,contrast,2,1.6004088012695312,33.47,10.940000000000005,10000,2.388251600030344
baseline,1,last,100,contrast,3,2.048965246582031,39.94,15.680000000000005,10000,2.402819400012959
baseline,1,last,100,contrast,4,2.890283056640625,51.910000000000004,24.79,10000,2.4096531000104733
baseline,1,last,100,contrast,5,5.915662890625,79.89999999999999,57.25,10000,2.388184799987357
baseline,1,last,100,elastic_transform,1,1.6426070434570312,34.699999999999996,12.490000000000002,10000,2.427742500032764
baseline,1,last,100,elastic_transform,2,1.6490014770507813,35.08,12.309999999999999,10000,2.3917998999822885
baseline,1,last,100,elastic_transform,3,2.0135565673828126,40.99,16.890000000000004,10000,2.4119395000161603
baseline,1,last,100,elastic_transform,4,2.4678511474609377,48.3,21.57,10000,2.461799399985466
baseline,1,last,100,elastic_transform,5,3.0389707275390627,55.95,28.059999999999995,10000,2.3946080000023358
baseline,1,last,100,pixelate,1,1.373623486328125,30.56,9.699999999999998,10000,2.3996958999778144
baseline,1,last,100,pixelate,2,1.9191917724609375,39.2,15.480000000000004,10000,2.398902699991595
baseline,1,last,100,pixelate,3,2.3608103271484375,46.18,20.47,10000,2.4131814000429586
baseline,1,last,100,pixelate,4,4.011475854492187,63.88,37.39,10000,2.402496599999722
baseline,1,last,100,pixelate,5,6.03189892578125,79.03,56.38000000000001,10000,2.4086401000386104
baseline,1,last,100,jpeg_compression,1,2.097623425292969,42.87,17.179999999999996,10000,2.397272400034126
baseline,1,last,100,jpeg_compression,2,2.6611870849609374,51.7,24.19,10000,2.401260699960403
baseline,1,last,100,jpeg_compression,3,2.826286865234375,53.83,26.919999999999998,10000,2.4014161999803036
baseline,1,last,100,jpeg_compression,4,3.069214306640625,57.25,30.259999999999998,10000,2.4192142999963835
baseline,1,last,100,jpeg_compression,5,3.3831189453125,61.61,34.75,10000,2.4132843000115827
augmix,1,best,99,gaussian_noise,1,1.3593093017578124,34.64,12.080000000000002,10000,2.4266373999998905
augmix,1,best,99,gaussian_noise,2,2.041830285644531,45.75,20.030000000000005,10000,2.4052405999973416
augmix,1,best,99,gaussian_noise,3,2.9159392822265624,57.269999999999996,30.94,10000,2.4309130999608897
augmix,1,best,99,gaussian_noise,4,3.388175,62.64000000000001,37.13999999999999,10000,2.4168158000102267
augmix,1,best,99,gaussian_noise,5,3.877894482421875,67.53,42.669999999999995,10000,2.3945174000109546
augmix,1,best,99,shot_noise,1,1.1010055908203125,29.32,8.919999999999995,10000,2.411846400005743
augmix,1,best,99,shot_noise,2,1.3992720581054687,34.699999999999996,12.460000000000004,10000,2.4165920999948867
augmix,1,best,99,shot_noise,3,2.19712353515625,47.85,22.209999999999997,10000,2.41608479997376
augmix,1,best,99,shot_noise,4,2.5987608642578124,53.56000000000001,27.390000000000004,10000,2.4139910000376403
augmix,1,best,99,shot_noise,5,3.3358591796875,62.49,36.21,10000,2.410743199987337
augmix,1,best,99,impulse_noise,1,0.9395346862792969,25.849999999999994,6.769999999999998,10000,2.424096299975645
augmix,1,best,99,impulse_noise,2,1.0979821655273438,29.090000000000003,8.530000000000005,10000,2.4080522999865934
augmix,1,best,99,impulse_noise,3,1.3038701171875,33.230000000000004,11.29,10000,2.4319902999559417
augmix,1,best,99,impulse_noise,4,1.9711892333984375,44.699999999999996,19.620000000000005,10000,2.4075038000009954
augmix,1,best,99,impulse_noise,5,2.794067333984375,56.14,29.75,10000,2.4262377999839373
augmix,1,best,99,defocus_blur,1,0.8367486511230469,23.5,5.710000000000004,10000,2.423001499962993
augmix,1,best,99,defocus_blur,2,0.8586452514648437,23.960000000000004,5.979999999999997,10000,2.419204299978446
augmix,1,best,99,defocus_blur,3,0.9003191162109375,25.129999999999995,6.369999999999997,10000,2.389960400003474
augmix,1,best,99,defocus_blur,4,0.9760616455078125,26.949999999999996,7.140000000000002,10000,2.410684200003743
augmix,1,best,99,defocus_blur,5,1.1302754577636718,30.03,8.809999999999995,10000,2.413698900025338
augmix,1,best,99,glass_blur,1,2.11468955078125,48.08,21.27,10000,2.3995415000244975
augmix,1,best,99,glass_blur,2,2.0405332885742187,47.260000000000005,20.46,10000,2.395627699967008
augmix,1,best,99,glass_blur,3,1.9406743286132813,45.43000000000001,19.64,10000,2.406633200007491
augmix,1,best,99,glass_blur,4,2.9116753173828127,60.41000000000001,31.699999999999996,10000,2.4057418999727815
augmix,1,best,99,glass_blur,5,2.6451230712890625,56.82000000000001,28.65,10000,2.411894000018947
augmix,1,best,99,motion_blur,1,0.9102662048339843,25.380000000000003,6.550000000000001,10000,2.3992208000272512
augmix,1,best,99,motion_blur,2,1.0073019470214843,27.490000000000002,7.699999999999996,10000,2.394859699998051
augmix,1,best,99,motion_blur,3,1.1299134521484375,29.720000000000002,9.17,10000,2.4075611000298522
augmix,1,best,99,motion_blur,4,1.1314601196289062,29.630000000000003,9.370000000000001,10000,2.4558337000198662
augmix,1,best,99,motion_blur,5,1.2829001220703125,32.82000000000001,10.999999999999998,10000,2.4308825999614783
augmix,1,best,99,zoom_blur,1,0.9283678100585937,25.849999999999994,6.620000000000004,10000,2.3848378999973647
augmix,1,best,99,zoom_blur,2,0.9367923278808594,25.69,6.9100000000000055,10000,2.422972199972719
augmix,1,best,99,zoom_blur,3,0.9931966613769532,27.149999999999995,7.579999999999998,10000,2.4118971999851055
augmix,1,best,99,zoom_blur,4,1.0690794494628906,28.82,8.479999999999999,10000,2.4121978000039235
augmix,1,best,99,zoom_blur,5,1.2325066772460938,32.269999999999996,10.470000000000002,10000,2.4111050000065006
augmix,1,best,99,snow,1,0.9651054138183593,26.659999999999997,7.140000000000002,10000,2.404788699990604
augmix,1,best,99,snow,2,1.29127734375,33.52,11.240000000000006,10000,2.407167900004424
augmix,1,best,99,snow,3,1.3064080200195312,34.209999999999994,11.339999999999995,10000,2.4265643000253476
augmix,1,best,99,snow,4,1.487127197265625,37.69,13.839999999999996,10000,2.4076872000005096
augmix,1,best,99,snow,5,1.6964071899414062,41.839999999999996,16.569999999999997,10000,2.4010795999784023
augmix,1,best,99,frost,1,1.0202851989746093,27.680000000000003,7.960000000000001,10000,2.3990559999947436
augmix,1,best,99,frost,2,1.22731142578125,32.35,10.640000000000004,10000,2.4081719999667257
augmix,1,best,99,frost,3,1.5806297241210938,39.410000000000004,14.890000000000004,10000,2.458707100013271
augmix,1,best,99,frost,4,1.6282785400390625,40.129999999999995,15.900000000000002,10000,2.408249900036026
augmix,1,best,99,frost,5,2.0158792358398436,46.91,20.76,10000,2.411440299998503
augmix,1,best,99,fog,1,0.8473658264160157,23.770000000000003,5.869999999999997,10000,2.3937990000122227
augmix,1,best,99,fog,2,0.9424591186523438,25.949999999999996,6.699999999999995,10000,2.422903899976518
augmix,1,best,99,fog,3,1.0903717529296875,29.179999999999996,8.46,10000,2.4174300000304356
augmix,1,best,99,fog,4,1.3487256103515626,34.660000000000004,11.980000000000002,10000,2.425290400045924
augmix,1,best,99,fog,5,2.2963802734375,50.849999999999994,24.160000000000004,10000,2.4225257000070997
augmix,1,best,99,brightness,1,0.8357007934570313,23.450000000000003,5.620000000000003,10000,2.3985514000523835
augmix,1,best,99,brightness,2,0.8601320373535156,24.150000000000006,5.889999999999995,10000,2.4226291000377387
augmix,1,best,99,brightness,3,0.9069456115722656,25.349999999999994,6.430000000000002,10000,2.4012221999582835
augmix,1,best,99,brightness,4,0.9721528564453125,27.029999999999998,7.130000000000003,10000,2.3996314000105485
augmix,1,best,99,brightness,5,1.1730948852539063,31.210000000000004,9.379999999999999,10000,2.4144080000114627
augmix,1,best,99,contrast,1,0.8503060119628906,23.950000000000003,5.900000000000006,10000,2.4072594000026584
augmix,1,best,99,contrast,2,0.97287802734375,26.52,7.279999999999998,10000,2.410874599998351
augmix,1,best,99,contrast,3,1.0969194213867188,29.410000000000004,8.77,10000,2.4135064999572933
augmix,1,best,99,contrast,4,1.3225175170898438,34.519999999999996,11.560000000000004,10000,2.4035393999656662
augmix,1,best,99,contrast,5,2.3222832275390624,52.99,25.660000000000004,10000,2.395596399961505
augmix,1,best,99,elastic_transform,1,1.039619189453125,28.42,7.799999999999995,10000,2.408264900033828
augmix,1,best,99,elastic_transform,2,1.0003563049316406,27.229999999999997,7.4100000000000055,10000,2.4157953999820165
augmix,1,best,99,elastic_transform,3,1.0512829284667968,28.490000000000006,8.399999999999997,10000,2.4236491000046954
augmix,1,best,99,elastic_transform,4,1.3707294311523437,35.64000000000001,12.070000000000004,10000,2.4268684000126086
augmix,1,best,99,elastic_transform,5,1.8107045166015625,44.269999999999996,17.820000000000004,10000,2.4022411999758333
augmix,1,best,99,pixelate,1,0.9059103515625,25.0,6.530000000000003,10000,2.4022466000169516
augmix,1,best,99,pixelate,2,1.021391094970703,27.83,7.799999999999995,10000,2.4011253999779
augmix,1,best,99,pixelate,3,1.1124229187011718,30.15,9.160000000000002,10000,2.3910256999661215
augmix,1,best,99,pixelate,4,1.5045921508789062,37.480000000000004,13.970000000000004,10000,2.405938600015361
augmix,1,best,99,pixelate,5,2.514032373046875,53.370000000000005,27.01,10000,2.412862699944526
augmix,1,best,99,jpeg_compression,1,1.2584128051757812,33.08,11.119999999999997,10000,2.4043014000053518
augmix,1,best,99,jpeg_compression,2,1.5025751342773437,37.96000000000001,13.890000000000002,10000,2.412884799996391
augmix,1,best,99,jpeg_compression,3,1.6070483032226563,40.18000000000001,15.21,10000,2.446399800013751
augmix,1,best,99,jpeg_compression,4,1.717798388671875,41.98,17.469999999999995,10000,2.4343680000165477
augmix,1,best,99,jpeg_compression,5,1.8649590698242187,44.86,19.010000000000005,10000,2.4197924999753013
augmix,1,last,100,gaussian_noise,1,1.3268432250976563,34.25,11.570000000000002,10000,2.4059287999989465
augmix,1,last,100,gaussian_noise,2,1.9620542236328125,44.36,19.15,10000,2.4073794999858364
augmix,1,last,100,gaussian_noise,3,2.78366435546875,55.66,29.53,10000,2.4076849999837577
augmix,1,last,100,gaussian_noise,4,3.22851162109375,61.19,35.27,10000,2.409559099993203
augmix,1,last,100,gaussian_noise,5,3.693965185546875,66.06,40.83,10000,2.3975447000120766
augmix,1,last,100,shot_noise,1,1.086503546142578,29.200000000000003,8.67,10000,2.4012538999668323
augmix,1,last,100,shot_noise,2,1.3676090942382813,34.13,12.019999999999998,10000,2.412137500010431
augmix,1,last,100,shot_noise,3,2.1155759765625,46.57,21.120000000000005,10000,2.4079279000288807
augmix,1,last,100,shot_noise,4,2.4926410400390626,51.92,26.009999999999998,10000,2.4440204999991693
augmix,1,last,100,shot_noise,5,3.1881951171875,60.8,34.36,10000,2.4144133999943733
augmix,1,last,100,impulse_noise,1,0.9413041015625,25.919999999999998,6.840000000000002,10000,2.4076319000450894
augmix,1,last,100,impulse_noise,2,1.096555322265625,28.84,8.530000000000005,10000,2.391557000053581
augmix,1,last,100,impulse_noise,3,1.2937390380859375,32.89,11.029999999999996,10000,2.421424800006207
augmix,1,last,100,impulse_noise,4,1.9362637817382813,44.17,19.020000000000003,10000,2.409840799984522
augmix,1,last,100,impulse_noise,5,2.7097594970703125,54.88999999999999,28.749999999999996,10000,2.412799699988682
augmix,1,last,100,defocus_blur,1,0.8398130981445312,23.67,5.720000000000002,10000,2.4020939000183716
augmix,1,last,100,defocus_blur,2,0.8621263427734375,24.09,6.030000000000002,10000,2.4194004999590106
augmix,1,last,100,defocus_blur,3,0.9043654418945313,25.2,6.389999999999995,10000,2.4038034999975935
augmix,1,last,100,defocus_blur,4,0.9820083435058594,27.029999999999998,7.240000000000002,10000,2.407016500015743
augmix,1,last,100,defocus_blur,5,1.13723447265625,30.410000000000004,9.109999999999996,10000,2.4151240999926813
augmix,1,last,100,glass_blur,1,2.07050537109375,47.24,20.560000000000002,10000,2.413637200021185
augmix,1,last,100,glass_blur,2,1.9979189331054688,46.58,19.56,10000,2.3949095000280067
augmix,1,last,100,glass_blur,3,1.9025200927734376,44.84,18.899999999999995,10000,2.436434100032784
augmix,1,last,100,glass_blur,4,2.8467591796875,59.64,30.510000000000005,10000,2.411596199963242
augmix,1,last,100,glass_blur,5,2.5870212890625,56.169999999999995,27.690000000000005,10000,2.3917841999791563
augmix,1,last,100,motion_blur,1,0.9155200622558594,25.760000000000005,6.730000000000002,10000,2.3860271999728866
augmix,1,last,100,motion_blur,2,1.014564404296875,27.639999999999997,7.850000000000001,10000,2.4125461000367068
augmix,1,last,100,motion_blur,3,1.136699481201172,29.869999999999997,9.18,10000,2.394669300003443
augmix,1,last,100,motion_blur,4,1.1377104736328125,29.75,9.440000000000005,10000,2.4050762000260875
augmix,1,last,100,motion_blur,5,1.2866060546875,32.91,11.109999999999998,10000,2.420671899977606
augmix,1,last,100,zoom_blur,1,0.9366040344238281,25.770000000000003,6.789999999999996,10000,2.4107785999658518
augmix,1,last,100,zoom_blur,2,0.942354248046875,25.839999999999996,6.969999999999999,10000,2.4023483999771997
augmix,1,last,100,zoom_blur,3,0.9998438354492187,27.349999999999998,7.599999999999996,10000,2.407281000050716
augmix,1,last,100,zoom_blur,4,1.0743565063476563,28.859999999999996,8.550000000000002,10000,2.3963130000047386
augmix,1,last,100,zoom_blur,5,1.2400062622070311,32.269999999999996,10.450000000000003,10000,2.399524400010705
augmix,1,last,100,snow,1,0.9691072204589843,26.69,7.0699999999999985,10000,2.3994944999576546
augmix,1,last,100,snow,2,1.2830086791992188,33.34,11.229999999999995,10000,2.3903197000036016
augmix,1,last,100,snow,3,1.3032408081054687,34.25,11.519999999999996,10000,2.4095056999940425
augmix,1,last,100,snow,4,1.4800482177734375,37.61,13.900000000000002,10000,2.4518423000117764
augmix,1,last,100,snow,5,1.6755214599609376,41.190000000000005,16.34,10000,2.4101201000157744
augmix,1,last,100,frost,1,1.0129811462402343,27.359999999999996,7.740000000000002,10000,2.4012679000152275
augmix,1,last,100,frost,2,1.2143522338867188,31.86,10.370000000000001,10000,2.421369699994102
augmix,1,last,100,frost,3,1.5515853149414063,38.800000000000004,14.559999999999995,10000,2.420008199987933
augmix,1,last,100,frost,4,1.5961672485351563,39.73,15.380000000000004,10000,2.4257044999976642
augmix,1,last,100,frost,5,1.96764150390625,45.85,20.030000000000005,10000,2.413953399984166
augmix,1,last,100,fog,1,0.8488476928710937,23.9,5.910000000000004,10000,2.3865331999841146
augmix,1,last,100,fog,2,0.9408793334960938,25.760000000000005,6.710000000000004,10000,2.4105012999498285
augmix,1,last,100,fog,3,1.0883521240234375,29.269999999999996,8.420000000000005,10000,2.4154023999581113
augmix,1,last,100,fog,4,1.3451371215820314,34.489999999999995,11.89,10000,2.4190484000137076
augmix,1,last,100,fog,5,2.27256962890625,50.91,23.839999999999996,10000,2.416632199950982
augmix,1,last,100,brightness,1,0.8384034729003906,23.629999999999995,5.610000000000004,10000,2.414927000005264
augmix,1,last,100,brightness,2,0.863018505859375,24.139999999999993,5.889999999999995,10000,2.4229261999716982
augmix,1,last,100,brightness,3,0.9104198974609375,25.249999999999993,6.369999999999997,10000,2.453742500045337
augmix,1,last,100,brightness,4,0.9763967956542968,27.01,7.140000000000002,10000,2.410698899999261
augmix,1,last,100,brightness,5,1.1789367919921876,31.65,9.399999999999997,10000,2.427154800039716
augmix,1,last,100,contrast,1,0.8510432861328125,23.79,5.979999999999997,10000,2.40725690004183
augmix,1,last,100,contrast,2,0.9696739318847656,26.559999999999995,7.15,10000,2.4127186999539845
augmix,1,last,100,contrast,3,1.0908184326171875,29.169999999999995,8.630000000000004,10000,2.403492000012193
augmix,1,last,100,contrast,4,1.3092548217773436,34.099999999999994,11.29,10000,2.4200910000363365
augmix,1,last,100,contrast,5,2.266178125,52.05,25.049999999999994,10000,2.406729999987874
augmix,1,last,100,elastic_transform,1,1.0441523376464843,28.449999999999996,7.86,10000,2.408383799949661
augmix,1,last,100,elastic_transform,2,1.0058571411132813,27.680000000000003,7.379999999999997,10000,2.4280721999821253
augmix,1,last,100,elastic_transform,3,1.0610977355957032,28.71,8.509999999999994,10000,2.398119499965105
augmix,1,last,100,elastic_transform,4,1.3866249633789063,35.83,12.360000000000005,10000,2.421077399980277
augmix,1,last,100,elastic_transform,5,1.8128146362304687,44.269999999999996,17.86,10000,2.4296621999819763
augmix,1,last,100,pixelate,1,0.9039845886230469,25.009999999999998,6.499999999999995,10000,2.3968144000391476
augmix,1,last,100,pixelate,2,1.0130332275390626,27.590000000000003,7.709999999999995,10000,2.4238377999863587
augmix,1,last,100,pixelate,3,1.10029951171875,29.95,8.909999999999997,10000,2.404766199993901
augmix,1,last,100,pixelate,4,1.4751652954101562,36.839999999999996,13.52,10000,2.4294278000015765
augmix,1,last,100,pixelate,5,2.456772705078125,52.55000000000001,26.270000000000003,10000,2.4275427000247873
augmix,1,last,100,jpeg_compression,1,1.2445996826171875,33.06,10.960000000000003,10000,2.4483369000372477
augmix,1,last,100,jpeg_compression,2,1.4864278076171875,37.660000000000004,13.590000000000002,10000,2.434294000035152
augmix,1,last,100,jpeg_compression,3,1.5898187622070312,39.92,15.180000000000005,10000,2.4131059999926947
augmix,1,last,100,jpeg_compression,4,1.7001036010742188,41.690000000000005,17.159999999999997,10000,2.423121200001333
augmix,1,last,100,jpeg_compression,5,1.8458587768554688,44.42,18.879999999999995,10000,2.4093795999651775
baseline,2,best,96,gaussian_noise,1,3.9352477783203126,62.16,34.650000000000006,10000,2.40951640001731
baseline,2,best,96,gaussian_noise,2,6.377389453125,78.71000000000001,54.05,10000,2.3941121000098065
baseline,2,best,96,gaussian_noise,3,8.35109658203125,87.51,68.39,10000,2.4031779999495484
baseline,2,best,96,gaussian_noise,4,9.08358916015625,89.88000000000001,73.03,10000,2.4696636999724433
baseline,2,best,96,gaussian_noise,5,9.57965869140625,91.63,76.64999999999999,10000,2.417991800000891
baseline,2,best,96,shot_noise,1,2.7630068359375,50.3,23.970000000000002,10000,2.3952723999973387
baseline,2,best,96,shot_noise,2,4.155530908203125,63.99,36.71,10000,2.431011500011664
baseline,2,best,96,shot_noise,3,7.03922666015625,81.24,58.24,10000,2.42728810000699
baseline,2,best,96,shot_noise,4,8.03822734375,85.81,65.44,10000,2.3992048999643885
baseline,2,best,96,shot_noise,5,9.2842021484375,90.09,73.5,10000,2.4182233000174165
baseline,2,best,96,impulse_noise,1,2.50496318359375,47.95,23.129999999999995,10000,2.423776999989059
baseline,2,best,96,impulse_noise,2,4.212315673828125,68.27,42.49000000000001,10000,2.4053392999921925
baseline,2,best,96,impulse_noise,3,5.615292626953125,79.93,58.82000000000001,10000,2.412702800007537
baseline,2,best,96,impulse_noise,4,7.431232958984375,89.57,75.55000000000001,10000,2.420393400010653
baseline,2,best,96,impulse_noise,5,8.62341630859375,93.38,82.77,10000,2.4168235999532044
baseline,2,best,96,defocus_blur,1,1.093904620361328,24.639999999999993,6.6400000000000015,10000,2.4118680000538006
baseline,2,best,96,defocus_blur,2,1.2847447143554687,28.22,8.620000000000005,10000,2.4286263000103645
baseline,2,best,96,defocus_blur,3,1.8043411499023438,36.38,13.829999999999998,10000,2.5079063999583013
baseline,2,best,96,defocus_blur,4,2.625926611328125,48.22,23.080000000000002,10000,2.452492300013546
baseline,2,best,96,defocus_blur,5,4.247499047851562,66.34,41.47,10000,2.4471050000283867
baseline,2,best,96,glass_blur,1,5.98546787109375,78.03,52.83,10000,2.430863399989903
baseline,2,best,96,glass_blur,2,5.878080224609375,77.29,51.879999999999995,10000,2.3987219000118785
baseline,2,best,96,glass_blur,3,5.51470244140625,75.52,50.25999999999999,10000,2.4140140000381507
baseline,2,best,96,glass_blur,4,6.95501962890625,83.89999999999999,60.51,10000,2.4245876999921165
baseline,2,best,96,glass_blur,5,6.53031025390625,82.17999999999999,58.84,10000,2.4231304000131786
baseline,2,best,96,motion_blur,1,1.6215477661132813,33.56,12.209999999999999,10000,2.405581600032747
baseline,2,best,96,motion_blur,2,2.18615791015625,42.78999999999999,18.55,10000,2.450300300028175
baseline,2,best,96,motion_blur,3,2.9159062744140627,52.190000000000005,26.8,10000,2.4248092000489123
baseline,2,best,96,motion_blur,4,2.9048161865234374,52.01,26.639999999999997,10000,2.4074236000305973
baseline,2,best,96,motion_blur,5,3.646351025390625,60.25,35.129999999999995,10000,2.418028599990066
baseline,2,best,96,zoom_blur,1,1.7656888671875,36.99,13.890000000000002,10000,2.414203099964652
baseline,2,best,96,zoom_blur,2,2.0500249389648437,41.15,16.969999999999995,10000,2.4218812999897636
baseline,2,best,96,zoom_blur,3,2.51073515625,47.67,22.28,10000,2.422509199997876
baseline,2,best,96,zoom_blur,4,2.9963237548828126,53.75,27.690000000000005,10000,2.416708500008099
baseline,2,best,96,zoom_blur,5,3.706495458984375,61.78,35.75000000000001,10000,2.4136790999909863
baseline,2,best,96,snow,1,1.6475608154296875,34.919999999999995,12.749999999999995,10000,2.4212645000079647
baseline,2,best,96,snow,2,2.8335803955078127,51.160000000000004,25.629999999999995,10000,2.4042684999876656
baseline,2,best,96,snow,3,2.4365876708984375,46.989999999999995,21.96,10000,2.4150819000205956
baseline,2,best,96,snow,4,2.6580975830078124,49.519999999999996,24.039999999999996,10000,2.4138807999552228
baseline,2,best,96,snow,5,3.241216015625,57.56,31.15,10000,2.388142199954018
baseline,2,best,96,frost,1,1.8077218505859376,37.35000000000001,13.939999999999998,10000,2.3977034999988973
baseline,2,best,96,frost,2,2.4479248779296876,47.050000000000004,20.66,10000,2.4008964999811724
baseline,2,best,96,frost,3,3.439710888671875,58.410000000000004,31.56,10000,2.389070199977141
baseline,2,best,96,frost,4,3.5982622314453123,59.870000000000005,33.52,10000,2.406539799994789
baseline,2,best,96,frost,5,4.566544873046875,68.67,42.16,10000,2.4196225000196137
baseline,2,best,96,fog,1,1.126411767578125,25.049999999999994,6.959999999999999,10000,2.40582970000105
baseline,2,best,96,fog,2,1.3351089599609376,28.680000000000007,8.950000000000003,10000,2.452767800015863
baseline,2,best,96,fog,3,1.5789707885742188,32.79,11.350000000000005,10000,2.4178151999949478
baseline,2,best,96,fog,4,2.0547416748046876,39.970000000000006,16.069999999999997,10000,2.399476299993694
baseline,2,best,96,fog,5,4.12815966796875,62.85000000000001,36.63999999999999,10000,2.3972327999654226
baseline,2,best,96,brightness,1,1.08867236328125,24.61,6.76,10000,2.400860299996566
baseline,2,best,96,brightness,2,1.132517138671875,25.639999999999997,7.269999999999999,10000,2.4031921999994665
baseline,2,best,96,brightness,3,1.2191764038085937,27.400000000000002,8.209999999999996,10000,2.4109611999592744
baseline,2,best,96,brightness,4,1.34779423828125,29.43,9.770000000000001,10000,2.395749799965415
baseline,2,best,96,brightness,5,1.7230588500976562,36.49,13.770000000000005,10000,2.4010297000058927
baseline,2,best,96,contrast,1,1.168765576171875,25.72,7.26,10000,2.4213425999623723
baseline,2,best,96,contrast,2,1.6069754516601562,32.89,11.509999999999998,10000,2.405056500050705
baseline,2,best,96,contrast,3,2.06917802734375,40.36,15.859999999999996,10000,2.391820600023493
baseline,2,best,96,contrast,4,2.9782951416015626,52.33,24.980000000000004,10000,2.4181775000179186
baseline,2,best,96,contrast,5,6.353864453125,80.44,59.260000000000005,10000,2.3987788000376895
baseline,2,best,96,elastic_transform,1,1.6219936157226562,34.019999999999996,11.950000000000005,10000,2.455223399971146
baseline,2,best,96,elastic_transform,2,1.5912777465820314,33.97,11.870000000000003,10000,2.424145299999509
baseline,2,best,96,elastic_transform,3,1.9819786254882812,40.26,16.01,10000,2.4218456000089645
baseline,2,best,96,elastic_transform,4,2.467095458984375,48.36,21.609999999999996,10000,2.408878199988976
baseline,2,best,96,elastic_transform,5,3.102156787109375,56.87,28.439999999999998,10000,2.412936999986414
baseline,2,best,96,pixelate,1,1.3728220703125,30.110000000000003,9.650000000000002,10000,2.4337738000322133
baseline,2,best,96,pixelate,2,1.9487411376953125,40.300000000000004,16.24,10000,2.4161783999879844
baseline,2,best,96,pixelate,3,2.3699720703125,46.28,20.97,10000,2.4077468999894336
baseline,2,best,96,pixelate,4,3.8135748779296876,63.55,38.05,10000,2.4028109000064433
baseline,2,best,96,pixelate,5,5.367733154296875,78.3,56.230000000000004,10000,2.4158727999893017
baseline,2,best,96,jpeg_compression,1,2.0966349243164064,43.25,17.740000000000002,10000,2.4108520000008866
baseline,2,best,96,jpeg_compression,2,2.6170643798828124,51.1,24.429999999999996,10000,2.4259303000289947
baseline,2,best,96,jpeg_compression,3,2.846789697265625,54.24,27.690000000000005,10000,2.4078757999814115
baseline,2,best,96,jpeg_compression,4,3.0512101806640626,57.089999999999996,30.130000000000003,10000,2.4100078999763355
baseline,2,best,96,jpeg_compression,5,3.3475269287109377,61.07,34.3,10000,2.417908000003081
baseline,2,last,100,gaussian_noise,1,4.046409838867188,62.73,35.6,10000,2.4215521999867633
baseline,2,last,100,gaussian_noise,2,6.5790490234375,79.13,54.53,10000,2.4284901000210084
baseline,2,last,100,gaussian_noise,3,8.62934931640625,87.8,68.55,10000,2.407216800027527
baseline,2,last,100,gaussian_noise,4,9.38838251953125,90.34,72.95,10000,2.3956633000052534
baseline,2,last,100,gaussian_noise,5,9.90110810546875,91.86,76.83,10000,2.408452900010161
baseline,2,last,100,shot_noise,1,2.838833203125,50.839999999999996,24.560000000000002,10000,2.4098667000071146
baseline,2,last,100,shot_noise,2,4.2705210693359374,64.42999999999999,37.2,10000,2.4134238000260666
baseline,2,last,100,shot_noise,3,7.2611435546875,81.76,58.97,10000,2.4049725999939255
baseline,2,last,100,shot_noise,4,8.300414892578125,86.21,65.66000000000001,10000,2.418556099990383
baseline,2,last,100,shot_noise,5,9.5990796875,90.59,73.71,10000,2.4109186999849044
baseline,2,last,100,impulse_noise,1,2.48888779296875,47.67,23.09,10000,2.4100827999645844
baseline,2,last,100,impulse_noise,2,4.149281298828125,67.88000000000001,41.959999999999994,10000,2.4749480999889784
baseline,2,last,100,impulse_noise,3,5.503555126953125,79.45,57.98,10000,2.3990300000295974
baseline,2,last,100,impulse_noise,4,7.31620634765625,89.4,74.36,10000,2.4146837000153027
baseline,2,last,100,impulse_noise,5,8.58533076171875,93.28999999999999,82.16,10000,2.4303684000042267
baseline,2,last,100,defocus_blur,1,1.0950077880859375,24.81,6.689999999999996,10000,2.4178655999712646
baseline,2,last,100,defocus_blur,2,1.2834882690429688,28.059999999999995,8.599999999999996,10000,2.4022164000198245
baseline,2,last,100,defocus_blur,3,1.796911181640625,36.42999999999999,13.660000000000005,10000,2.4205102000269108
baseline,2,last,100,defocus_blur,4,2.6317998046875,48.23,23.040000000000006,10000,2.3992767999880016
baseline,2,last,100,defocus_blur,5,4.2430978515625,66.26,41.54,10000,2.416703500028234
baseline,2,last,100,glass_blur,1,6.023260400390625,78.25999999999999,53.6,10000,2.4193919000099413
baseline,2,last,100,glass_blur,2,5.921447021484375,77.44,52.46999999999999,10000,2.4031995000550523
baseline,2,last,100,glass_blur,3,5.578898193359375,75.91,50.86999999999999,10000,2.4352418000344187
baseline,2,last,100,glass_blur,4,6.996285595703125,84.23,61.28,10000,2.404022599977907
baseline,2,last,100,glass_blur,5,6.584230615234375,82.49,59.620000000000005,10000,2.4087051000096835
baseline,2,last,100,motion_blur,1,1.6211518310546875,33.57,12.129999999999995,10000,2.4533330000122078
baseline,2,last,100,motion_blur,2,2.1795389892578125,42.66,18.64,10000,2.418079899973236
baseline,2,last,100,motion_blur,3,2.9093027587890625,52.07999999999999,26.749999999999996,10000,2.4125258999993093
baseline,2,last,100,motion_blur,4,2.8970805419921875,51.75000000000001,26.680000000000003,10000,2.4088396999868564
baseline,2,last,100,motion_blur,5,3.6382701171875,59.85,35.22,10000,2.427758800040465
baseline,2,last,100,zoom_blur,1,1.7587876586914062,36.85000000000001,13.759999999999994,10000,2.4044029000215232
baseline,2,last,100,zoom_blur,2,2.041289514160156,40.900000000000006,16.849999999999998,10000,2.420234100020025
baseline,2,last,100,zoom_blur,3,2.503492724609375,47.440000000000005,22.250000000000004,10000,2.4254285999923013
baseline,2,last,100,zoom_blur,4,2.994751513671875,53.78000000000001,27.71,10000,2.403491600009147
baseline,2,last,100,zoom_blur,5,3.7037465087890626,61.620000000000005,35.79,10000,2.4028738000197336
baseline,2,last,100,snow,1,1.6415256103515625,34.98,12.639999999999995,10000,2.392296699981671
baseline,2,last,100,snow,2,2.8293494140625,50.85999999999999,25.929999999999996,10000,2.4041418000124395
baseline,2,last,100,snow,3,2.426376611328125,46.730000000000004,21.819999999999993,10000,2.427160399965942
baseline,2,last,100,snow,4,2.653094091796875,49.480000000000004,24.28,10000,2.4124405999900773
baseline,2,last,100,snow,5,3.2548419189453126,57.61000000000001,31.100000000000005,10000,2.4118120999773964
baseline,2,last,100,frost,1,1.8485748291015625,37.56,14.149999999999995,10000,2.4137417000019923
baseline,2,last,100,frost,2,2.5008453125,47.519999999999996,21.189999999999998,10000,2.4130809999769554
baseline,2,last,100,frost,3,3.5061753662109374,58.97,32.15,10000,2.3933175999554805
baseline,2,last,100,frost,4,3.668802197265625,60.51,34.24,10000,2.4000244999770075
baseline,2,last,100,frost,5,4.64911455078125,69.25,43.02,10000,2.382358499977272
baseline,2,last,100,fog,1,1.1378679321289062,25.1,7.030000000000003,10000,2.424516999977641
baseline,2,last,100,fog,2,1.355361181640625,28.900000000000002,9.109999999999996,10000,2.4206209999974817
baseline,2,last,100,fog,3,1.6035911865234376,32.98,11.719999999999997,10000,2.4060267999884672
baseline,2,last,100,fog,4,2.090062060546875,40.669999999999995,16.490000000000006,10000,2.40395060001174
baseline,2,last,100,fog,5,4.21868037109375,63.56999999999999,37.23,10000,2.394846700015478
baseline,2,last,100,brightness,1,1.092331121826172,24.6,6.820000000000004,10000,2.3928827000199817
baseline,2,last,100,brightness,2,1.136896435546875,25.639999999999997,7.179999999999998,10000,2.4209579000016674
baseline,2,last,100,brightness,3,1.2224116088867187,27.3,8.260000000000002,10000,2.4327428999822587
baseline,2,last,100,brightness,4,1.3497030395507812,29.42,9.809999999999997,10000,2.408216000010725
baseline,2,last,100,brightness,5,1.7221193481445312,36.529999999999994,13.729999999999997,10000,2.405114700028207
baseline,2,last,100,contrast,1,1.183016162109375,26.009999999999998,7.369999999999999,10000,2.473394099972211
baseline,2,last,100,contrast,2,1.6335526245117187,33.3,11.690000000000001,10000,2.4173914000275545
baseline,2,last,100,contrast,3,2.0948461181640625,40.76,15.920000000000002,10000,2.400588800024707
baseline,2,last,100,contrast,4,2.9874332275390625,52.190000000000005,25.2,10000,2.4140739999711514
baseline,2,last,100,contrast,5,6.259499365234375,80.12,59.00000000000001,10000,2.410926599986851
baseline,2,last,100,elastic_transform,1,1.61782470703125,33.77,11.799999999999999,10000,2.407609699992463
baseline,2,last,100,elastic_transform,2,1.584449462890625,33.95,11.799999999999999,10000,2.416609299951233
baseline,2,last,100,elastic_transform,3,1.9684456298828126,40.06999999999999,15.880000000000006,10000,2.4296085000387393
baseline,2,last,100,elastic_transform,4,2.4671022216796876,48.29,21.419999999999995,10000,2.415203000011388
baseline,2,last,100,elastic_transform,5,3.129944189453125,57.04,28.769999999999996,10000,2.4181584999896586
baseline,2,last,100,pixelate,1,1.3737683837890624,30.010000000000005,9.650000000000002,10000,2.4133502999902703
baseline,2,last,100,pixelate,2,1.9546698974609376,40.31,16.200000000000003,10000,2.419704300002195
baseline,2,last,100,pixelate,3,2.377553369140625,46.3,21.189999999999998,10000,2.3980559000046924
baseline,2,last,100,pixelate,4,3.8201474853515625,63.54,38.22,10000,2.4094809999805875
baseline,2,last,100,pixelate,5,5.342462451171875,77.92,56.07,10000,2.4669019000139087
baseline,2,last,100,jpeg_compression,1,2.0869717651367186,43.169999999999995,17.769999999999996,10000,2.410688999982085
baseline,2,last,100,jpeg_compression,2,2.6025662353515626,50.849999999999994,24.3,10000,2.4304955000407062
baseline,2,last,100,jpeg_compression,3,2.831212353515625,54.15,27.390000000000004,10000,2.415223899995908
baseline,2,last,100,jpeg_compression,4,3.03402705078125,56.76,29.890000000000004,10000,2.422831700008828
baseline,2,last,100,jpeg_compression,5,3.327086572265625,60.85,33.96,10000,2.4082696000114083
augmix,2,best,100,gaussian_noise,1,1.4132565673828126,34.89,11.880000000000003,10000,2.3948135999962687
augmix,2,best,100,gaussian_noise,2,2.1643995361328123,46.39,20.599999999999994,10000,2.4012062000110745
augmix,2,best,100,gaussian_noise,3,3.123171533203125,58.19,32.199999999999996,10000,2.4082921000081114
augmix,2,best,100,gaussian_noise,4,3.6186358154296876,63.68000000000001,37.21,10000,2.3962794999824837
augmix,2,best,100,gaussian_noise,5,4.118095922851563,68.24,42.39000000000001,10000,2.404800299962517
augmix,2,best,100,shot_noise,1,1.124459521484375,30.000000000000004,8.879999999999999,10000,2.412959400040563
augmix,2,best,100,shot_noise,2,1.4062957275390624,34.8,11.939999999999994,10000,2.4031101999571547
augmix,2,best,100,shot_noise,3,2.2754061767578126,48.07,22.49,10000,2.3944321000017226
augmix,2,best,100,shot_noise,4,2.718018896484375,53.71,27.200000000000003,10000,2.405398399976548
augmix,2,best,100,shot_noise,5,3.4621194580078125,62.040000000000006,36.09,10000,2.392574199999217
augmix,2,best,100,impulse_noise,1,0.9308068054199219,26.0,6.240000000000001,10000,2.4198991999728605
augmix,2,best,100,impulse_noise,2,1.102030419921875,29.159999999999997,8.599999999999996,10000,2.3839117999887094
augmix,2,best,100,impulse_noise,3,1.336801220703125,34.050000000000004,11.19,10000,2.402774500020314
augmix,2,best,100,impulse_noise,4,2.0466950927734375,45.120000000000005,18.95,10000,2.4218254999723285
augmix,2,best,100,impulse_noise,5,2.97228115234375,57.550000000000004,29.900000000000006,10000,2.401930399995763
augmix,2,best,100,defocus_blur,1,0.8309634826660156,23.429999999999996,5.520000000000003,10000,2.3844679999747314
augmix,2,best,100,defocus_blur,2,0.8516517517089843,23.880000000000003,5.630000000000002,10000,2.4027898000204004
augmix,2,best,100,defocus_blur,3,0.8922216125488281,24.67,6.000000000000005,10000,2.408254499954637
augmix,2,best,100,defocus_blur,4,0.9647086730957031,26.339999999999996,6.65,10000,2.410529399989173
augmix,2,best,100,defocus_blur,5,1.1017640319824218,29.220000000000002,8.420000000000005,10000,2.448604699980933
augmix,2,best,100,glass_blur,1,2.14290986328125,48.12,20.730000000000004,10000,2.4057661999831907
augmix,2,best,100,glass_blur,2,2.0790154907226563,47.550000000000004,20.220000000000006,10000,2.405806199996732
augmix,2,best,100,glass_blur,3,1.9414511840820312,45.209999999999994,19.069999999999997,10000,2.4115236999932677
augmix,2,best,100,glass_blur,4,2.867811376953125,59.599999999999994,30.259999999999998,10000,2.410769700014498
augmix,2,best,100,glass_blur,5,2.6187525390625,55.879999999999995,27.700000000000003,10000,2.4064194000093266
augmix,2,best,100,motion_blur,1,0.9069945007324218,25.319999999999997,6.159999999999998,10000,2.4201999999932013
augmix,2,best,100,motion_blur,2,0.9915373107910156,27.0,7.279999999999998,10000,2.41016850003507
augmix,2,best,100,motion_blur,3,1.1183822387695312,29.92,8.46,10000,2.4124905000207946
augmix,2,best,100,motion_blur,4,1.118714404296875,29.879999999999995,8.850000000000001,10000,2.4023086999659427
augmix,2,best,100,motion_blur,5,1.2763328125,32.82000000000001,10.819999999999997,10000,2.41293690004386
augmix,2,best,100,zoom_blur,1,0.9288161254882813,25.729999999999997,6.659999999999999,10000,2.411971400026232
augmix,2,best,100,zoom_blur,2,0.9389666320800781,25.980000000000004,6.5799999999999965,10000,2.411983300000429
augmix,2,best,100,zoom_blur,3,0.9975576049804687,27.32,7.26,10000,2.3997616000124253
augmix,2,best,100,zoom_blur,4,1.0748939758300782,28.810000000000002,8.199999999999996,10000,2.4491710999864154
augmix,2,best,100,zoom_blur,5,1.2391057983398437,32.120000000000005,10.029999999999994,10000,2.406203699996695
augmix,2,best,100,snow,1,0.9541735534667969,27.0,6.75,10000,2.402341399982106
augmix,2,best,100,snow,2,1.2762623046875,33.599999999999994,10.529999999999994,10000,2.394501600007061
augmix,2,best,100,snow,3,1.2691806518554687,33.160000000000004,10.619999999999996,10000,2.4149691000347957
augmix,2,best,100,snow,4,1.4678947021484374,37.519999999999996,13.380000000000003,10000,2.4104003999964334
augmix,2,best,100,snow,5,1.6576742553710937,40.88,15.93,10000,2.393190799979493
augmix,2,best,100,frost,1,1.0169615356445312,27.449999999999996,7.940000000000003,10000,2.3935689000063576
augmix,2,best,100,frost,2,1.2253912475585937,32.32000000000001,10.140000000000004,10000,2.3945398000068963
augmix,2,best,100,frost,3,1.5600237182617187,38.67,14.539999999999997,10000,2.4112733000074513
augmix,2,best,100,frost,4,1.623643505859375,39.42,15.180000000000005,10000,2.4136739000095986
augmix,2,best,100,frost,5,2.0217423583984373,46.47,20.16,10000,2.4010310999583453
augmix,2,best,100,fog,1,0.8406055419921875,23.619999999999997,5.6499999999999995,10000,2.412866699974984
augmix,2,best,100,fog,2,0.9367598327636719,25.81,6.620000000000004,10000,2.394787399971392
augmix,2,best,100,fog,3,1.0850179016113282,28.790000000000006,8.399999999999997,10000,2.4217366000520997
augmix,2,best,100,fog,4,1.3272381469726562,34.67,11.650000000000006,10000,2.3974030999816023
augmix,2,best,100,fog,5,2.2578732177734375,50.89,23.760000000000005,10000,2.4061865000403486
augmix,2,best,100,brightness,1,0.8282432922363281,23.760000000000005,5.410000000000004,10000,2.4187875000061467
augmix,2,best,100,brightness,2,0.8518398559570313,24.239999999999995,5.6499999999999995,10000,2.404230499989353
augmix,2,best,100,brightness,3,0.89608232421875,25.180000000000003,6.269999999999998,10000,2.4042404999490827
augmix,2,best,100,brightness,4,0.9548334899902344,26.490000000000002,6.779999999999998,10000,2.411053500021808
augmix,2,best,100,brightness,5,1.1344892517089844,30.510000000000005,8.870000000000001,10000,2.4148572999984026
augmix,2,best,100,contrast,1,0.8417207946777344,23.709999999999997,5.520000000000003,10000,2.4123587000067346
augmix,2,best,100,contrast,2,0.9585822143554688,26.570000000000004,6.75,10000,2.3854446000186726
augmix,2,best,100,contrast,3,1.0772624389648437,29.090000000000003,8.309999999999995,10000,2.3877114999922924
augmix,2,best,100,contrast,4,1.2964189697265625,34.17,11.040000000000006,10000,2.4064575000084005
augmix,2,best,100,contrast,5,2.354752392578125,52.31,25.82,10000,2.4093168000108562
augmix,2,best,100,elastic_transform,1,1.0383353942871094,28.65,7.709999999999995,10000,2.4142087000072934
augmix,2,best,100,elastic_transform,2,1.0042955200195312,27.43,7.520000000000005,10000,2.416663600015454
augmix,2,best,100,elastic_transform,3,1.040592950439453,28.42,8.099999999999996,10000,2.44900179997785
augmix,2,best,100,elastic_transform,4,1.3564674926757812,35.040000000000006,12.009999999999998,10000,2.4226493000169285
augmix,2,best,100,elastic_transform,5,1.8080072509765626,43.85,17.34,10000,2.4022690000128932
augmix,2,best,100,pixelate,1,0.8926805541992188,25.039999999999996,6.110000000000005,10000,2.399873699992895
augmix,2,best,100,pixelate,2,1.0013835876464843,27.280000000000005,7.430000000000003,10000,2.4069547999533825
augmix,2,best,100,pixelate,3,1.069158203125,28.680000000000007,8.37,10000,2.393269499996677
augmix,2,best,100,pixelate,4,1.3882216064453126,34.74,12.239999999999995,10000,2.4253688999451697
augmix,2,best,100,pixelate,5,2.30515537109375,50.11,24.39,10000,2.397139300010167
augmix,2,best,100,jpeg_compression,1,1.24076748046875,32.57,10.409999999999997,10000,2.402687199995853
augmix,2,best,100,jpeg_compression,2,1.4783946655273437,37.56,13.280000000000003,10000,2.408820700016804
augmix,2,best,100,jpeg_compression,3,1.5643818115234376,39.790000000000006,14.690000000000003,10000,2.4056424999726005
augmix,2,best,100,jpeg_compression,4,1.6570722290039062,41.47,15.969999999999995,10000,2.429524399980437
augmix,2,best,100,jpeg_compression,5,1.816922021484375,44.02,18.169999999999998,10000,2.4093868999625556
augmix,2,last,100,gaussian_noise,1,1.4132565673828126,34.89,11.880000000000003,10000,2.4055559000116773
augmix,2,last,100,gaussian_noise,2,2.1643995361328123,46.39,20.599999999999994,10000,2.415300599997863
augmix,2,last,100,gaussian_noise,3,3.123171533203125,58.19,32.199999999999996,10000,2.407250499993097
augmix,2,last,100,gaussian_noise,4,3.6186358154296876,63.68000000000001,37.21,10000,2.401570599991828
augmix,2,last,100,gaussian_noise,5,4.118095922851563,68.24,42.39000000000001,10000,2.4210836999700405
augmix,2,last,100,shot_noise,1,1.124459521484375,30.000000000000004,8.879999999999999,10000,2.408190399990417
augmix,2,last,100,shot_noise,2,1.4062957275390624,34.8,11.939999999999994,10000,2.406168899964541
augmix,2,last,100,shot_noise,3,2.2754061767578126,48.07,22.49,10000,2.4116570000187494
augmix,2,last,100,shot_noise,4,2.718018896484375,53.71,27.200000000000003,10000,2.408430600014981
augmix,2,last,100,shot_noise,5,3.4621194580078125,62.040000000000006,36.09,10000,2.416445000038948
augmix,2,last,100,impulse_noise,1,0.9308068054199219,26.0,6.240000000000001,10000,2.426880999992136
augmix,2,last,100,impulse_noise,2,1.102030419921875,29.159999999999997,8.599999999999996,10000,2.4210659000091255
augmix,2,last,100,impulse_noise,3,1.336801220703125,34.050000000000004,11.19,10000,2.401464800001122
augmix,2,last,100,impulse_noise,4,2.0466950927734375,45.120000000000005,18.95,10000,2.4136201000073925
augmix,2,last,100,impulse_noise,5,2.97228115234375,57.550000000000004,29.900000000000006,10000,2.4147648999933153
augmix,2,last,100,defocus_blur,1,0.8309634826660156,23.429999999999996,5.520000000000003,10000,2.409808200027328
augmix,2,last,100,defocus_blur,2,0.8516517517089843,23.880000000000003,5.630000000000002,10000,2.397935300017707
augmix,2,last,100,defocus_blur,3,0.8922216125488281,24.67,6.000000000000005,10000,2.3991662000189535
augmix,2,last,100,defocus_blur,4,0.9647086730957031,26.339999999999996,6.65,10000,2.39671990001807
augmix,2,last,100,defocus_blur,5,1.1017640319824218,29.220000000000002,8.420000000000005,10000,2.4087957000010647
augmix,2,last,100,glass_blur,1,2.14290986328125,48.12,20.730000000000004,10000,2.3960873000323772
augmix,2,last,100,glass_blur,2,2.0790154907226563,47.550000000000004,20.220000000000006,10000,2.424401299969759
augmix,2,last,100,glass_blur,3,1.9414511840820312,45.209999999999994,19.069999999999997,10000,2.3993985999841243
augmix,2,last,100,glass_blur,4,2.867811376953125,59.599999999999994,30.259999999999998,10000,2.405664500023704
augmix,2,last,100,glass_blur,5,2.6187525390625,55.879999999999995,27.700000000000003,10000,2.4209202000056393
augmix,2,last,100,motion_blur,1,0.9069945007324218,25.319999999999997,6.159999999999998,10000,2.3919183000107296
augmix,2,last,100,motion_blur,2,0.9915373107910156,27.0,7.279999999999998,10000,2.3939423999981955
augmix,2,last,100,motion_blur,3,1.1183822387695312,29.92,8.46,10000,2.4119375000009313
augmix,2,last,100,motion_blur,4,1.118714404296875,29.879999999999995,8.850000000000001,10000,2.4675560999894515
augmix,2,last,100,motion_blur,5,1.2763328125,32.82000000000001,10.819999999999997,10000,2.4098725999938324
augmix,2,last,100,zoom_blur,1,0.9288161254882813,25.729999999999997,6.659999999999999,10000,2.390897099976428
augmix,2,last,100,zoom_blur,2,0.9389666320800781,25.980000000000004,6.5799999999999965,10000,2.4093858000123873
augmix,2,last,100,zoom_blur,3,0.9975576049804687,27.32,7.26,10000,2.4065065999748185
augmix,2,last,100,zoom_blur,4,1.0748939758300782,28.810000000000002,8.199999999999996,10000,2.4012690999661572
augmix,2,last,100,zoom_blur,5,1.2391057983398437,32.120000000000005,10.029999999999994,10000,2.3992998999892734
augmix,2,last,100,snow,1,0.9541735534667969,27.0,6.75,10000,2.409683200006839
augmix,2,last,100,snow,2,1.2762623046875,33.599999999999994,10.529999999999994,10000,2.404089900024701
augmix,2,last,100,snow,3,1.2691806518554687,33.160000000000004,10.619999999999996,10000,2.4045042999787256
augmix,2,last,100,snow,4,1.4678947021484374,37.519999999999996,13.380000000000003,10000,2.421051599958446
augmix,2,last,100,snow,5,1.6576742553710937,40.88,15.93,10000,2.413498600013554
augmix,2,last,100,frost,1,1.0169615356445312,27.449999999999996,7.940000000000003,10000,2.4116049999720417
augmix,2,last,100,frost,2,1.2253912475585937,32.32000000000001,10.140000000000004,10000,2.4255539000150748
augmix,2,last,100,frost,3,1.5600237182617187,38.67,14.539999999999997,10000,2.4489425999927334
augmix,2,last,100,frost,4,1.623643505859375,39.42,15.180000000000005,10000,2.4105477000121027
augmix,2,last,100,frost,5,2.0217423583984373,46.47,20.16,10000,2.4105175999575295
augmix,2,last,100,fog,1,0.8406055419921875,23.619999999999997,5.6499999999999995,10000,2.4152410000097007
augmix,2,last,100,fog,2,0.9367598327636719,25.81,6.620000000000004,10000,2.4122704999754205
augmix,2,last,100,fog,3,1.0850179016113282,28.790000000000006,8.399999999999997,10000,2.413491300016176
augmix,2,last,100,fog,4,1.3272381469726562,34.67,11.650000000000006,10000,2.4229001000057906
augmix,2,last,100,fog,5,2.2578732177734375,50.89,23.760000000000005,10000,2.422341299999971
augmix,2,last,100,brightness,1,0.8282432922363281,23.760000000000005,5.410000000000004,10000,2.4041844999883324
augmix,2,last,100,brightness,2,0.8518398559570313,24.239999999999995,5.6499999999999995,10000,2.4196774999727495
augmix,2,last,100,brightness,3,0.89608232421875,25.180000000000003,6.269999999999998,10000,2.40690469997935
augmix,2,last,100,brightness,4,0.9548334899902344,26.490000000000002,6.779999999999998,10000,2.417485999991186
augmix,2,last,100,brightness,5,1.1344892517089844,30.510000000000005,8.870000000000001,10000,2.419662199972663
augmix,2,last,100,contrast,1,0.8417207946777344,23.709999999999997,5.520000000000003,10000,2.418284900020808
augmix,2,last,100,contrast,2,0.9585822143554688,26.570000000000004,6.75,10000,2.4195481999777257
augmix,2,last,100,contrast,3,1.0772624389648437,29.090000000000003,8.309999999999995,10000,2.419370000017807
augmix,2,last,100,contrast,4,1.2964189697265625,34.17,11.040000000000006,10000,2.3993763999897055
augmix,2,last,100,contrast,5,2.354752392578125,52.31,25.82,10000,2.39957070001401
augmix,2,last,100,elastic_transform,1,1.0383353942871094,28.65,7.709999999999995,10000,2.4147919000242837
augmix,2,last,100,elastic_transform,2,1.0042955200195312,27.43,7.520000000000005,10000,2.4248953000060283
augmix,2,last,100,elastic_transform,3,1.040592950439453,28.42,8.099999999999996,10000,2.403929900028743
augmix,2,last,100,elastic_transform,4,1.3564674926757812,35.040000000000006,12.009999999999998,10000,2.3947232000064105
augmix,2,last,100,elastic_transform,5,1.8080072509765626,43.85,17.34,10000,2.410568899998907
augmix,2,last,100,pixelate,1,0.8926805541992188,25.039999999999996,6.110000000000005,10000,2.411997399991378
augmix,2,last,100,pixelate,2,1.0013835876464843,27.280000000000005,7.430000000000003,10000,2.4193525000009686
augmix,2,last,100,pixelate,3,1.069158203125,28.680000000000007,8.37,10000,2.418470399978105
augmix,2,last,100,pixelate,4,1.3882216064453126,34.74,12.239999999999995,10000,2.4216114000300877
augmix,2,last,100,pixelate,5,2.30515537109375,50.11,24.39,10000,2.4191720000235364
augmix,2,last,100,jpeg_compression,1,1.24076748046875,32.57,10.409999999999997,10000,2.418200899963267
augmix,2,last,100,jpeg_compression,2,1.4783946655273437,37.56,13.280000000000003,10000,2.4168914000038058
augmix,2,last,100,jpeg_compression,3,1.5643818115234376,39.790000000000006,14.690000000000003,10000,2.465810799971223
augmix,2,last,100,jpeg_compression,4,1.6570722290039062,41.47,15.969999999999995,10000,2.425360699999146
augmix,2,last,100,jpeg_compression,5,1.816922021484375,44.02,18.169999999999998,10000,2.412374900013674
