method,seed,checkpoint,epoch,clean_top1,clean_top5,corruption_top1,corruption_top5
baseline,0,best,95,24.22,6.879999999999997,53.8412,30.794933333333333
baseline,0,last,100,24.580000000000002,6.979999999999997,53.47346666666667,30.399333333333324
augmix,0,best,97,23.009999999999998,5.679999999999996,36.05666666666667,13.738933333333334
augmix,0,last,100,23.09,5.5799999999999965,35.826666666666675,13.480800000000002
baseline,1,best,98,24.89,6.6400000000000015,53.806400000000004,30.5808
baseline,1,last,100,25.009999999999998,6.740000000000002,53.31119999999999,29.989866666666675
augmix,1,best,99,23.39,5.530000000000001,36.21973333333333,13.884400000000001
augmix,1,last,100,23.540000000000006,5.5899999999999945,35.9164,13.588666666666665
baseline,2,best,96,24.19,6.530000000000003,54.10933333333334,30.914133333333332
baseline,2,last,100,24.529999999999998,6.540000000000001,54.18053333333333,31.021999999999995
augmix,2,best,100,23.360000000000003,5.420000000000003,36.02186666666667,13.488933333333334
augmix,2,last,100,23.360000000000003,5.420000000000003,36.02186666666667,13.488933333333334
